NAME_1_TR,NAME_2_TR,NAME_1_EN,NAME_2_EN,DIST_CNT,CODE,IN_MIB,fromshp1,fromshp2,,IN_GADM
ADANA,ALADAĞ,ADANA,ALADAG,15,1757,1,ADANA ,ALADAĞ,TRUE,1
ADANA,CEYHAN,ADANA,CEYHAN,15,1219,1,ADANA ,CEYHAN,TRUE,1
ADANA,ÇUKUROVA,ADANA,CUKUROVA,15,2033,1,,,FALSE,0
ADANA,FEKE,ADANA,FEKE,15,1329,1,ADANA ,FEKE,TRUE,1
ADANA,İMAMOĞLU,ADANA,IMAMOGLU,15,1806,1,ADANA ,İMAMOĞLU,TRUE,1
ADANA,KARAİSALI,ADANA,KARAISALI,15,1437,1,ADANA ,KARAİSALI,TRUE,1
ADANA,KARATAŞ,ADANA,KARATAS,15,1443,1,ADANA ,KARATAŞ,TRUE,1
ADANA,KOZAN,ADANA,KOZAN,15,1486,1,ADANA ,KOZAN,TRUE,1
ADANA,POZANTI,ADANA,POZANTI,15,1580,1,ADANA ,POZANTI,TRUE,1
ADANA,SAİMBEYLİ,ADANA,SAIMBEYLI,15,1588,1,ADANA ,SAİMBEYLİ,TRUE,1
ADANA,SARIÇAM,ADANA,SARICAM,15,2032,1,,,FALSE,0
ADANA,SEYHAN,ADANA,SEYHAN,15,1104,1,ADANA ,SEYHAN,TRUE,1
ADANA,TUFANBEYLİ,ADANA,TUFANBEYLI,15,1687,1,ADANA ,TUFANBEYLİ,TRUE,1
ADANA,YUMURTALIK,ADANA,YUMURTALIK,15,1734,1,ADANA ,YUMURTALIK,TRUE,1
ADANA,YÜREĞİR,ADANA,YUREGIR,15,1748,1,ADANA ,YÜREĞİR,TRUE,1
ADIYAMAN,BESNİ,ADIYAMAN,BESNI,8,1182,1,ADİYAMAN ,BESNİ,TRUE,1
ADIYAMAN,ÇELİKHAN,ADIYAMAN,CELIKHAN,8,1246,1,ADİYAMAN ,ÇELİKHAN,TRUE,1
ADIYAMAN,GERGER,ADIYAMAN,GERGER,8,1347,1,ADİYAMAN ,GERGER,TRUE,1
ADIYAMAN,GÖLBAŞI,ADIYAMAN,GOLBASI,8,1354,1,ADİYAMAN ,GÖLBAŞI,TRUE,1
ADIYAMAN,KAHTA,ADIYAMAN,KAHTA,8,1425,1,ADİYAMAN ,KAHTA,TRUE,1
ADIYAMAN,MERKEZ,ADIYAMAN,MERKEZ,,1105,0,ADİYAMAN ,MERKEZ,TRUE,1
ADIYAMAN,SAMSAT,ADIYAMAN,SAMSAT,8,1592,1,ADİYAMAN ,SAMSAT,TRUE,1
ADIYAMAN,SİNCİK,ADIYAMAN,SINCIK,8,1985,1,ADİYAMAN ,SİNCİK,TRUE,1
ADIYAMAN,TUT,ADIYAMAN,TUT,8,1989,1,ADİYAMAN ,TUT,TRUE,1
AFYONKARAHİSAR,BAŞMAKÇI,AFYONKARAHISAR,BASMAKCI,17,1771,1,AFYON ,BAŞMAKÇI,TRUE,1
AFYONKARAHİSAR,BAYAT,AFYONKARAHISAR,BAYAT,17,1773,1,AFYON ,BAYAT,TRUE,1
AFYONKARAHİSAR,BOLVADİN,AFYONKARAHISAR,BOLVADIN,17,1200,1,AFYON ,BOLVADİN,TRUE,1
AFYONKARAHİSAR,ÇAY,AFYONKARAHISAR,CAY,17,1239,1,AFYON ,ÇAY,TRUE,1
AFYONKARAHİSAR,ÇOBANLAR,AFYONKARAHISAR,COBANLAR,17,1906,1,AFYON ,ÇOBANLAR,TRUE,1
AFYONKARAHİSAR,DAZKIRI,AFYONKARAHISAR,DAZKIRI,17,1267,1,AFYON ,DAZKIRI,TRUE,1
AFYONKARAHİSAR,DİNAR,AFYONKARAHISAR,DINAR,17,1281,1,AFYON ,DİNAR,TRUE,1
AFYONKARAHİSAR,EMİRDAĞ,AFYONKARAHISAR,EMIRDAG,17,1306,1,AFYON ,EMİRDAĞ,TRUE,1
AFYONKARAHİSAR,EVCİLER,AFYONKARAHISAR,EVCILER,17,1923,1,AFYON ,EVCİLER,TRUE,1
AFYONKARAHİSAR,HOCALAR,AFYONKARAHISAR,HOCALAR,17,1944,1,AFYON ,HOCALAR,TRUE,1
AFYONKARAHİSAR,İHSANİYE,AFYONKARAHISAR,IHSANIYE,17,1404,1,AFYON ,İHSANİYE,TRUE,1
AFYONKARAHİSAR,İSCEHİSAR,AFYONKARAHISAR,ISCEHISAR,17,1809,1,AFYON ,İSCEHİSAR,TRUE,1
AFYONKARAHİSAR,KIZILÖREN,AFYONKARAHISAR,KIZILOREN,17,1961,1,AFYON ,KIZILÖREN,TRUE,1
AFYONKARAHİSAR,MERKEZ,AFYONKARAHİSAR,MERKEZ,,1108,0,AFYON ,MERKEZ,TRUE,1
AFYONKARAHİSAR,SANDIKLI,AFYONKARAHISAR,SANDIKLI,17,1594,1,AFYON ,SANDIKLI,TRUE,1
AFYONKARAHİSAR,SİNANPAŞA,AFYONKARAHISAR,SINANPASA,17,1626,1,,,FALSE,0
AFYONKARAHİSAR,ŞUHUT,AFYONKARAHISAR,SUHUT,17,1664,1,AFYON ,ŞUHUT,TRUE,1
AFYONKARAHİSAR,SULTANDAĞI,AFYONKARAHISAR,SULTANDAGI,17,1639,1,AFYON ,SULTANDAĞI,TRUE,1
AĞRI,DİYADİN,AGRI,DIYADIN,7,1283,1,AGRİ ,DİYADİN,TRUE,1
AĞRI,DOĞUBAYAZIT,AGRI,DOGUBAYAZIT,7,1287,1,AGRİ ,DOĞUBAYAZIT,TRUE,1
AĞRI,ELEŞKİRT,AGRI,ELESKIRT,7,1301,1,AGRİ ,ELEŞKİRT,TRUE,1
AĞRI,HAMUR,AGRI,HAMUR,7,1379,1,AGRİ ,HAMUR,TRUE,1
AĞRI,MERKEZ,AGRI,MERKEZ,,1111,0,AGRİ ,MERKEZ,TRUE,1
AĞRI,PATNOS,AGRI,PATNOS,7,1568,1,AGRİ ,PATNOS,TRUE,1
AĞRI,TAŞLIÇAY,AGRI,TASLICAY,7,1667,1,AGRİ ,TAŞLIÇAY,TRUE,1
AĞRI,TUTAK,AGRI,TUTAK,7,1691,1,AGRİ ,TUTAK,TRUE,1
AKSARAY,AĞAÇÖREN,AKSARAY,AGACOREN,7,1860,1,AKSARAY ,AĞAÇÖREN,TRUE,1
AKSARAY,ESKİL,AKSARAY,ESKIL,7,1921,1,AKSARAY ,ESKİL,TRUE,1
AKSARAY,GÜLAĞAÇ,AKSARAY,GULAGAC,7,1932,1,AKSARAY ,GÜLAĞAÇ,TRUE,1
AKSARAY,GÜZELYURT,AKSARAY,GUZELYURT,7,1861,1,AKSARAY ,GÜZELYURT,TRUE,1
AKSARAY,MERKEZ,AKSARAY,MERKEZ,,1120,0,AKSARAY ,MERKEZ,TRUE,1
AKSARAY,ORTAKÖY,AKSARAY,ORTAKOY,7,1557,1,AKSARAY ,ORTAKÖY,TRUE,1
AKSARAY,SARIYAHŞİ,AKSARAY,SARIYAHSI,7,1866,1,AKSARAY ,SARIYAHŞİ,TRUE,1
AKSARAY,SULTANHANI,AKSARAY,SULTANHANI,7,2106,1,,,FALSE,0
AMASYA,GÖYNÜCEK,AMASYA,GOYNUCEK,6,1363,1,AMASYA ,GÖYNÜCEK,TRUE,1
AMASYA,GÜMÜŞHACIKÖY,AMASYA,GUMUSHACIKOY,6,1368,1,AMASYA ,GÜMÜŞHACIKÖY,TRUE,1
AMASYA,HAMAMÖZÜ,AMASYA,HAMAMOZU,6,1938,1,AMASYA ,HAMAMÖZÜ,TRUE,1
AMASYA,MERKEZ,AMASYA,MERKEZ,,1134,0,AMASYA ,MERKEZ,TRUE,1
AMASYA,MERZİFON,AMASYA,MERZIFON,6,1524,1,AMASYA ,MERZİFON,TRUE,1
AMASYA,SULUOVA,AMASYA,SULUOVA,6,1641,1,AMASYA ,SULUOVA,TRUE,1
AMASYA,TAŞOVA,AMASYA,TASOVA,6,1668,1,AMASYA ,TAŞOVA,TRUE,1
ANKARA,AKYURT,ANKARA,AKYURT,25,1872,1,ANKARA ,AKYURT,TRUE,1
ANKARA,ALTINDAĞ,ANKARA,ALTINDAG,25,1130,1,ANKARA ,ALTINDAĞ,TRUE,1
ANKARA,AYAŞ,ANKARA,AYAS,25,1157,1,ANKARA ,AYAŞ,TRUE,1
ANKARA,BALA,ANKARA,BALA,25,1167,1,ANKARA ,BALA,TRUE,1
ANKARA,BEYPAZARI,ANKARA,BEYPAZARI,25,1187,1,ANKARA ,BEYPAZARI,TRUE,1
ANKARA,ÇAMLIDERE,ANKARA,CAMLIDERE,25,1227,1,ANKARA ,ÇAMLIDERE,TRUE,1
ANKARA,ÇANKAYA,ANKARA,CANKAYA,25,1231,1,ANKARA ,ÇANKAYA,TRUE,1
ANKARA,ÇUBUK,ANKARA,CUBUK,25,1260,1,ANKARA ,ÇUBUK,TRUE,1
ANKARA,ELMADAĞ,ANKARA,ELMADAG,25,1302,1,ANKARA ,ELMADAĞ,TRUE,1
ANKARA,ETİMESGUT,ANKARA,ETIMESGUT,25,1922,1,ANKARA ,ETİMESGUT,TRUE,1
ANKARA,EVREN,ANKARA,EVREN,25,1924,1,ANKARA ,EVREN,TRUE,1
ANKARA,GÖLBAŞI,ANKARA,GOLBASI,25,1744,1,ANKARA ,GÖLBAŞI,TRUE,1
ANKARA,GÜDÜL,ANKARA,GUDUL,25,1365,1,ANKARA ,GÜDÜL,TRUE,1
ANKARA,HAYMANA,ANKARA,HAYMANA,25,1387,1,ANKARA ,HAYMANA,TRUE,1
ANKARA,KAHRAMANKAZAN,ANKARA,KAHRAMANKAZAN,25,1815,1,ANKARA ,KAHRAMANKAZAN,TRUE,1
ANKARA,KALECİK,ANKARA,KALECIK,25,1427,1,ANKARA ,KALECİK,TRUE,1
ANKARA,KEÇİÖREN,ANKARA,KECIOREN,25,1745,1,ANKARA ,KEÇİÖREN,TRUE,1
ANKARA,KIZILCAHAMAM,ANKARA,KIZILCAHAMAM,25,1473,1,ANKARA ,KIZILCAHAMAM,TRUE,1
ANKARA,MAMAK,ANKARA,MAMAK,25,1746,1,ANKARA ,MAMAK,TRUE,1
ANKARA,NALLIHAN,ANKARA,NALLIHAN,25,1539,1,ANKARA ,NALLIHAN,TRUE,1
ANKARA,POLATLI,ANKARA,POLATLI,25,1578,1,ANKARA ,POLATLI,TRUE,1
ANKARA,PURSAKLAR,ANKARA,PURSAKLAR,25,2034,1,,,FALSE,0
ANKARA,ŞEREFLİKOÇHİSAR,ANKARA,SEREFLIKOCHISAR,25,1658,1,ANKARA ,ŞEREFLİKOÇHİSAR,TRUE,1
ANKARA,SİNCAN,ANKARA,SINCAN,25,1747,1,ANKARA ,SİNCAN,TRUE,1
ANKARA,YENİMAHALLE,ANKARA,YENIMAHALLE,25,1723,1,ANKARA ,YENİMAHALLE,TRUE,1
ANTALYA,AKSEKİ,ANTALYA,AKSEKI,19,1121,1,ANTALYA ,AKSEKİ,TRUE,1
ANTALYA,AKSU,ANTALYA,AKSU,19,2035,1,,,FALSE,0
ANTALYA,ALANYA,ANTALYA,ALANYA,19,1126,1,ANTALYA ,ALANYA,TRUE,1
ANTALYA,DEMRE,ANTALYA,DEMRE,19,1811,1,,,FALSE,0
ANTALYA,DÖŞEMEALTI,ANTALYA,DOSEMEALTI,19,2036,1,,,FALSE,0
ANTALYA,ELMALI,ANTALYA,ELMALI,19,1303,1,ANTALYA ,ELMALI,TRUE,1
ANTALYA,FİNİKE,ANTALYA,FINIKE,19,1333,1,ANTALYA ,FİNİKE,TRUE,1
ANTALYA,GAZİPAŞA,ANTALYA,GAZIPASA,19,1337,1,ANTALYA ,GAZİPAŞA,TRUE,1
ANTALYA,GÜNDOĞMUŞ,ANTALYA,GUNDOGMUS,19,1370,1,ANTALYA ,GÜNDOĞMUŞ,TRUE,1
ANTALYA,İBRADI,ANTALYA,IBRADI,19,1946,1,ANTALYA ,İBRADI,TRUE,1
ANTALYA,KAŞ,ANTALYA,KAS,19,1451,1,ANTALYA ,KAŞ,TRUE,1
ANTALYA,KEMER,ANTALYA,KEMER,19,1959,1,ANTALYA ,KEMER,TRUE,1
ANTALYA,KEPEZ,ANTALYA,KEPEZ,19,2037,1,,,FALSE,0
ANTALYA,KONYAALTI,ANTALYA,KONYAALTI,19,2038,1,,,FALSE,0
ANTALYA,KORKUTELİ,ANTALYA,KORKUTELI,19,1483,1,ANTALYA ,KORKUTELİ,TRUE,1
ANTALYA,KUMLUCA,ANTALYA,KUMLUCA,19,1492,1,ANTALYA ,KUMLUCA,TRUE,1
ANTALYA,MANAVGAT,ANTALYA,MANAVGAT,19,1512,1,ANTALYA ,MANAVGAT,TRUE,1
ANTALYA,MURATPAŞA,ANTALYA,MURATPASA,19,2039,1,,,FALSE,0
ANTALYA,SERİK,ANTALYA,SERIK,19,1616,1,ANTALYA ,SERİK,TRUE,1
ARDAHAN,ÇILDIR,ARDAHAN,CILDIR,5,1252,1,ARDAHAN ,ÇILDIR,TRUE,1
ARDAHAN,DAMAL,ARDAHAN,DAMAL,5,2008,1,ARDAHAN ,DAMAL,TRUE,1
ARDAHAN,GÖLE,ARDAHAN,GOLE,5,1356,1,ARDAHAN ,GÖLE,TRUE,1
ARDAHAN,HANAK,ARDAHAN,HANAK,5,1380,1,ARDAHAN ,HANAK,TRUE,1
ARDAHAN,MERKEZ,ARDAHAN,MERKEZ,,1144,0,ARDAHAN ,MERKEZ,TRUE,1
ARDAHAN,POSOF,ARDAHAN,POSOF,5,1579,1,ARDAHAN ,POSOF,TRUE,1
ARTVİN,ARDANUÇ,ARTVIN,ARDANUC,8,1145,1,ARTVİN ,ARDANUÇ,TRUE,1
ARTVİN,ARHAVİ,ARTVIN,ARHAVI,8,1147,1,ARTVİN ,ARHAVİ,TRUE,1
ARTVİN,BORÇKA,ARTVIN,BORCKA,8,1202,1,ARTVİN ,BORÇKA,TRUE,1
ARTVİN,HOPA,ARTVIN,HOPA,8,1395,1,ARTVİN ,HOPA,TRUE,1
ARTVİN,KEMALPAŞA,ARTVIN,KEMALPASA,8,2105,1,,,FALSE,0
ARTVİN,MERKEZ,ARTVIN,MERKEZ,,1152,0,ARTVİN ,MERKEZ,TRUE,1
ARTVİN,MURGUL,ARTVIN,MURGUL,8,1828,1,ARTVİN ,MURGUL,TRUE,1
ARTVİN,ŞAVŞAT,ARTVIN,SAVSAT,8,1653,1,ARTVİN ,ŞAVŞAT,TRUE,1
ARTVİN,YUSUFELİ,ARTVIN,YUSUFELI,8,1736,1,ARTVİN ,YUSUFELİ,TRUE,1
AYDIN,BOZDOĞAN,AYDIN,BOZDOGAN,17,1206,1,AYDİN ,BOZDOĞAN,TRUE,1
AYDIN,BUHARKENT,AYDIN,BUHARKENT,17,1781,1,AYDİN ,BUHARKENT,TRUE,1
AYDIN,ÇİNE,AYDIN,CINE,17,1256,1,AYDİN ,ÇİNE,TRUE,1
AYDIN,DİDİM,AYDIN,DIDIM,17,2000,1,AYDİN ,DİDİM,TRUE,1
AYDIN,EFELER,AYDIN,EFELER,17,2076,1,,,FALSE,0
AYDIN,GERMENCİK,AYDIN,GERMENCIK,17,1348,1,AYDİN ,GERMENCİK,TRUE,1
AYDIN,İNCİRLİOVA,AYDIN,INCIRLIOVA,17,1807,1,AYDİN ,İNCİRLİOVA,TRUE,1
AYDIN,KARACASU,AYDIN,KARACASU,17,1435,1,AYDİN ,KARACASU,TRUE,1
AYDIN,KARPUZLU,AYDIN,KARPUZLU,17,1957,1,AYDİN ,KARPUZLU,TRUE,1
AYDIN,KOÇARLI,AYDIN,KOCARLI,17,1479,1,AYDİN ,KOÇARLI,TRUE,1
AYDIN,KÖŞK,AYDIN,KOSK,17,1968,1,AYDİN ,KÖŞK,TRUE,1
AYDIN,KUŞADASI,AYDIN,KUSADASI,17,1497,1,AYDİN ,KUŞADASI,TRUE,1
AYDIN,KUYUCAK,AYDIN,KUYUCAK,17,1498,1,AYDİN ,KUYUCAK,TRUE,1
AYDIN,NAZİLLİ,AYDIN,NAZILLI,17,1542,1,AYDİN ,NAZİLLİ,TRUE,1
AYDIN,SÖKE,AYDIN,SOKE,17,1637,1,AYDİN ,SÖKE,TRUE,1
AYDIN,SULTANHİSAR,AYDIN,SULTANHISAR,17,1640,1,AYDİN ,SULTANHİSAR,TRUE,1
AYDIN,YENİPAZAR,AYDIN,YENIPAZAR,17,1724,1,AYDİN ,YENİPAZAR,TRUE,1
BALIKESİR,ALTIEYLÜL,BALIKESIR,ALTIEYLUL,20,2077,1,,,FALSE,0
BALIKESİR,AYVALIK,BALIKESIR,AYVALIK,20,1161,1,BALİKESİR ,AYVALIK,TRUE,1
BALIKESİR,BALYA,BALIKESIR,BALYA,20,1169,1,BALİKESİR ,BALYA,TRUE,1
BALIKESİR,BANDIRMA,BALIKESIR,BANDIRMA,20,1171,1,BALİKESİR ,BANDIRMA,TRUE,1
BALIKESİR,BİGADİÇ,BALIKESIR,BIGADIC,20,1191,1,BALİKESİR ,BİGADİÇ,TRUE,1
BALIKESİR,BURHANİYE,BALIKESIR,BURHANIYE,20,1216,1,BALİKESİR ,BURHANİYE,TRUE,1
BALIKESİR,DURSUNBEY,BALIKESIR,DURSUNBEY,20,1291,1,BALİKESİR ,DURSUNBEY,TRUE,1
BALIKESİR,EDREMİT,BALIKESIR,EDREMIT,20,1294,1,BALİKESİR ,EDREMİT,TRUE,1
BALIKESİR,ERDEK,BALIKESIR,ERDEK,20,1310,1,BALİKESİR ,ERDEK,TRUE,1
BALIKESİR,GÖMEÇ,BALIKESIR,GOMEC,20,1928,1,BALİKESİR ,GÖMEÇ,TRUE,1
BALIKESİR,GÖNEN,BALIKESIR,GONEN,20,1360,1,BALİKESİR ,GÖNEN,TRUE,1
BALIKESİR,HAVRAN,BALIKESIR,HAVRAN,20,1384,1,BALİKESİR ,HAVRAN,TRUE,1
BALIKESİR,İVRİNDİ,BALIKESIR,IVRINDI,20,1418,1,BALİKESİR ,İVRİNDİ,TRUE,1
BALIKESİR,KARESİ,BALIKESIR,KARESI,20,2078,1,,,FALSE,0
BALIKESİR,KEPSUT,BALIKESIR,KEPSUT,20,1462,1,BALİKESİR ,KEPSUT,TRUE,1
BALIKESİR,MANYAS,BALIKESIR,MANYAS,20,1514,1,BALİKESİR ,MANYAS,TRUE,1
BALIKESİR,MARMARA,BALIKESIR,MARMARA,20,1824,1,BALİKESİR ,MARMARA,TRUE,1
BALIKESİR,SAVAŞTEPE,BALIKESIR,SAVASTEPE,20,1608,1,BALİKESİR ,SAVAŞTEPE,TRUE,1
BALIKESİR,SINDIRGI,BALIKESIR,SINDIRGI,20,1619,1,BALİKESİR ,SINDIRGI,TRUE,1
BALIKESİR,SUSURLUK,BALIKESIR,SUSURLUK,20,1644,1,BALİKESİR ,SUSURLUK,TRUE,1
BARTIN,AMASRA,BARTIN,AMASRA,3,1761,1,BARTIN ,AMASRA,TRUE,1
BARTIN,KURUCAŞİLE,BARTIN,KURUCASILE,3,1496,1,BARTIN ,KURUCAŞİLE,TRUE,1
BARTIN,MERKEZ,BARTIN,MERKEZ,,1172,0,BARTIN ,MERKEZ,TRUE,1
BARTIN,ULUS,BARTIN,ULUS,3,1701,1,BARTIN ,ULUS,TRUE,1
BATMAN,BEŞİRİ,BATMAN,BESIRI,5,1184,1,BATMAN ,BEŞİRİ,TRUE,1
BATMAN,GERCÜŞ,BATMAN,GERCUS,5,1345,1,BATMAN ,GERCÜŞ,TRUE,1
BATMAN,HASANKEYF,BATMAN,HASANKEYF,5,1941,1,BATMAN ,HASANKEYF,TRUE,1
BATMAN,KOZLUK,BATMAN,KOZLUK,5,1487,1,BATMAN ,KOZLUK,TRUE,1
BATMAN,MERKEZ,BATMAN,MERKEZ,,1174,0,BATMAN ,MERKEZ,TRUE,1
BATMAN,SASON,BATMAN,SASON,5,1607,1,BATMAN ,SASON,TRUE,1
BAYBURT,AYDINTEPE,BAYBURT,AYDINTEPE,2,1767,1,BAYBURT ,AYDINTEPE,TRUE,1
BAYBURT,DEMİRÖZÜ,BAYBURT,DEMIROZU,2,1788,1,BAYBURT ,DEMİRÖZÜ,TRUE,1
BAYBURT,MERKEZ,BAYBURT,MERKEZ,,1176,0,BAYBURT ,MERKEZ,TRUE,1
BİLECİK,BOZÜYÜK,BILECIK,BOZUYUK,7,1210,1,BİLECİK ,BOZÜYÜK,TRUE,1
BİLECİK,GÖLPAZARI,BILECIK,GOLPAZARI,7,1359,1,BİLECİK ,GÖLPAZARI,TRUE,1
BİLECİK,İNHİSAR,BILECIK,INHISAR,7,1948,1,BİLECİK ,İNHİSAR,TRUE,1
BİLECİK,MERKEZ,BILECIK,MERKEZ,,1192,0,BİLECİK ,MERKEZ,TRUE,1
BİLECİK,OSMANELİ,BILECIK,OSMANELI,7,1559,1,BİLECİK ,OSMANELİ,TRUE,1
BİLECİK,PAZARYERİ,BILECIK,PAZARYERI,7,1571,1,BİLECİK ,PAZARYERİ,TRUE,1
BİLECİK,SÖĞÜT,BILECIK,SOGUT,7,1636,1,BİLECİK ,SÖĞÜT,TRUE,1
BİLECİK,YENİPAZAR,BILECIK,YENIPAZAR,7,1857,1,BİLECİK ,YENİPAZAR,TRUE,1
BİNGÖL,ADAKLI,BINGOL,ADAKLI,7,1750,1,BİNGÖL ,ADAKLI,TRUE,1
BİNGÖL,GENÇ,BINGOL,GENC,7,1344,1,BİNGÖL ,GENÇ,TRUE,1
BİNGÖL,KARLIOVA,BINGOL,KARLIOVA,7,1446,1,BİNGÖL ,KARLIOVA,TRUE,1
BİNGÖL,KİĞI,BINGOL,KIGI,7,1475,1,BİNGÖL ,KİĞI,TRUE,1
BİNGÖL,MERKEZ,BINGOL,MERKEZ,,1193,0,BİNGÖL ,MERKEZ,TRUE,1
BİNGÖL,SOLHAN,BINGOL,SOLHAN,7,1633,1,BİNGÖL ,SOLHAN,TRUE,1
BİNGÖL,YAYLADERE,BINGOL,YAYLADERE,7,1855,1,BİNGÖL ,YAYLADERE,TRUE,1
BİNGÖL,YEDİSU,BINGOL,YEDISU,7,1996,1,BİNGÖL ,YEDİSU,TRUE,1
BİTLİS,ADİLCEVAZ,BITLIS,ADILCEVAZ,6,1106,1,BİTLİS ,ADİLCEVAZ,TRUE,1
BİTLİS,AHLAT,BITLIS,AHLAT,6,1112,1,BİTLİS ,AHLAT,TRUE,1
BİTLİS,GÜROYMAK,BITLIS,GUROYMAK,6,1798,1,BİTLİS ,GÜROYMAK,TRUE,1
BİTLİS,HİZAN,BITLIS,HIZAN,6,1394,1,BİTLİS ,HİZAN,TRUE,1
BİTLİS,MERKEZ,BITLIS,MERKEZ,,1196,0,BİTLİS ,MERKEZ,TRUE,1
BİTLİS,MUTKİ,BITLIS,MUTKI,6,1537,1,BİTLİS ,MUTKİ,TRUE,1
BİTLİS,TATVAN,BITLIS,TATVAN,6,1669,1,BİTLİS ,TATVAN,TRUE,1
BOLU,DÖRTDİVAN,BOLU,DORTDIVAN,8,1916,1,BOLU ,DÖRTDİVAN,TRUE,1
BOLU,GEREDE,BOLU,GEREDE,8,1346,1,BOLU ,GEREDE,TRUE,1
BOLU,GÖYNÜK,BOLU,GOYNUK,8,1364,1,BOLU ,GÖYNÜK,TRUE,1
BOLU,KIBRISCIK,BOLU,KIBRISCIK,8,1466,1,BOLU ,KIBRISCIK,TRUE,1
BOLU,MENGEN,BOLU,MENGEN,8,1522,1,BOLU ,MENGEN,TRUE,1
BOLU,MERKEZ,BOLU,MERKEZ,,1199,0,BOLU ,MERKEZ,TRUE,1
BOLU,MUDURNU,BOLU,MUDURNU,8,1531,1,BOLU ,MUDURNU,TRUE,1
BOLU,SEBEN,BOLU,SEBEN,8,1610,1,BOLU ,SEBEN,TRUE,1
BOLU,YENİÇAĞA,BOLU,YENICAGA,8,1997,1,BOLU ,YENİÇAĞA,TRUE,1
BURDUR,AĞLASUN,BURDUR,AGLASUN,10,1109,1,BURDUR ,AĞLASUN,TRUE,1
BURDUR,ALTINYAYLA,BURDUR,ALTINYAYLA,10,1874,1,BURDUR ,ALTINYAYLA,TRUE,1
BURDUR,BUCAK,BURDUR,BUCAK,10,1211,1,BURDUR ,BUCAK,TRUE,1
BURDUR,ÇAVDIR,BURDUR,CAVDIR,10,1899,1,BURDUR ,ÇAVDIR,TRUE,1
BURDUR,ÇELTİKÇİ,BURDUR,CELTIKCI,10,1903,1,BURDUR ,ÇELTİKÇİ,TRUE,1
BURDUR,GÖLHİSAR,BURDUR,GOLHISAR,10,1357,1,BURDUR ,GÖLHİSAR,TRUE,1
BURDUR,KARAMANLI,BURDUR,KARAMANLI,10,1813,1,BURDUR ,KARAMANLI,TRUE,1
BURDUR,KEMER,BURDUR,KEMER,10,1816,1,BURDUR ,KEMER,TRUE,1
BURDUR,MERKEZ,BURDUR,MERKEZ,,1215,0,BURDUR ,MERKEZ,TRUE,1
BURDUR,TEFENNİ,BURDUR,TEFENNI,10,1672,1,BURDUR ,TEFENNİ,TRUE,1
BURDUR,YEŞİLOVA,BURDUR,YESILOVA,10,1728,1,BURDUR ,YEŞİLOVA,TRUE,1
BURSA,BÜYÜKORHAN,BURSA,BUYUKORHAN,17,1783,1,BURSA ,BÜYÜKORHAN,TRUE,1
BURSA,GEMLİK,BURSA,GEMLIK,17,1343,1,BURSA ,GEMLİK,TRUE,1
BURSA,GÜRSU,BURSA,GURSU,17,1935,1,BURSA ,GÜRSU,TRUE,1
BURSA,HARMANCIK,BURSA,HARMANCIK,17,1799,1,BURSA ,HARMANCIK,TRUE,1
BURSA,İNEGÖL,BURSA,INEGOL,17,1411,1,BURSA ,İNEGÖL,TRUE,1
BURSA,İZNİK,BURSA,IZNIK,17,1420,1,BURSA ,İZNİK,TRUE,1
BURSA,KARACABEY,BURSA,KARACABEY,17,1434,1,BURSA ,KARACABEY,TRUE,1
BURSA,KELES,BURSA,KELES,17,1457,1,BURSA ,KELES,TRUE,1
BURSA,KESTEL,BURSA,KESTEL,17,1960,1,BURSA ,KESTEL,TRUE,1
BURSA,MUDANYA,BURSA,MUDANYA,17,1530,1,BURSA ,MUDANYA,TRUE,1
BURSA,MUSTAFAKEMALPAŞA,BURSA,MUSTAFAKEMALPASA,17,1535,1,BURSA ,MUSTAFAKEMALPAŞA,TRUE,1
BURSA,NİLÜFER,BURSA,NILUFER,17,1829,1,BURSA ,NİLÜFER,TRUE,1
BURSA,ORHANELİ,BURSA,ORHANELI,17,1553,1,BURSA ,ORHANELİ,TRUE,1
BURSA,ORHANGAZİ,BURSA,ORHANGAZI,17,1554,1,BURSA ,ORHANGAZİ,TRUE,1
BURSA,OSMANGAZİ,BURSA,OSMANGAZI,17,1832,1,BURSA ,OSMANGAZİ,TRUE,1
BURSA,YENİŞEHİR,BURSA,YENISEHIR,17,1725,1,BURSA ,YENİŞEHİR,TRUE,1
BURSA,YILDIRIM,BURSA,YILDIRIM,17,1859,1,BURSA ,YILDIRIM,TRUE,1
ÇANAKKALE,AYVACIK,CANAKKALE,AYVACIK,11,1160,1,ÇANAKKALE ,AYVACIK,TRUE,1
ÇANAKKALE,BAYRAMİÇ,CANAKKALE,BAYRAMIC,11,1180,1,ÇANAKKALE ,BAYRAMİÇ,TRUE,1
ÇANAKKALE,BİGA,CANAKKALE,BIGA,11,1190,1,ÇANAKKALE ,BİGA,TRUE,1
ÇANAKKALE,BOZCAADA,CANAKKALE,BOZCAADA,11,1205,1,ÇANAKKALE ,BOZCAADA,TRUE,1
ÇANAKKALE,ÇAN,CANAKKALE,CAN,11,1229,1,ÇANAKKALE ,ÇAN,TRUE,1
ÇANAKKALE,ECEABAT,CANAKKALE,ECEABAT,11,1293,1,ÇANAKKALE ,ECEABAT,TRUE,1
ÇANAKKALE,EZİNE,CANAKKALE,EZINE,11,1326,1,ÇANAKKALE ,EZİNE,TRUE,1
ÇANAKKALE,GELİBOLU,CANAKKALE,GELIBOLU,11,1340,1,ÇANAKKALE ,GELİBOLU,TRUE,1
ÇANAKKALE,GÖKÇEADA,CANAKKALE,GOKCEADA,11,1408,1,ÇANAKKALE ,GÖKÇEADA,TRUE,1
ÇANAKKALE,LAPSEKİ,CANAKKALE,LAPSEKI,11,1503,1,ÇANAKKALE ,LAPSEKİ,TRUE,1
ÇANAKKALE,MERKEZ,CANAKKALE,MERKEZ,,1230,0,ÇANAKKALE ,MERKEZ,TRUE,1
ÇANAKKALE,YENİCE,CANAKKALE,YENICE,11,1722,1,ÇANAKKALE ,YENİCE,TRUE,1
ÇANKIRI,ATKARACALAR,CANKIRI,ATKARACALAR,11,1765,1,ÇANKİRİ ,ATKARACALAR,TRUE,1
ÇANKIRI,BAYRAMÖREN,CANKIRI,BAYRAMOREN,11,1885,1,ÇANKİRİ ,BAYRAMÖREN,TRUE,1
ÇANKIRI,ÇERKEŞ,CANKIRI,CERKES,11,1248,1,ÇANKİRİ ,ÇERKEŞ,TRUE,1
ÇANKIRI,ELDİVAN,CANKIRI,ELDIVAN,11,1300,1,ÇANKİRİ ,ELDİVAN,TRUE,1
ÇANKIRI,ILGAZ,CANKIRI,ILGAZ,11,1399,1,ÇANKİRİ ,ILGAZ,TRUE,1
ÇANKIRI,KIZILIRMAK,CANKIRI,KIZILIRMAK,11,1817,1,ÇANKİRİ ,KIZILIRMAK,TRUE,1
ÇANKIRI,KORGUN,CANKIRI,KORGUN,11,1963,1,ÇANKİRİ ,KORGUN,TRUE,1
ÇANKIRI,KURŞUNLU,CANKIRI,KURSUNLU,11,1494,1,ÇANKİRİ ,KURŞUNLU,TRUE,1
ÇANKIRI,MERKEZ,CANKIRI,MERKEZ,,1232,0,ÇANKİRİ ,MERKEZ,TRUE,1
ÇANKIRI,ORTA,CANKIRI,ORTA,11,1555,1,ÇANKİRİ ,ORTA,TRUE,1
ÇANKIRI,ŞABANÖZÜ,CANKIRI,SABANOZU,11,1649,1,ÇANKİRİ ,ŞABANÖZÜ,TRUE,1
ÇANKIRI,YAPRAKLI,CANKIRI,YAPRAKLI,11,1718,1,ÇANKİRİ ,YAPRAKLI,TRUE,1
ÇORUM,ALACA,CORUM,ALACA,13,1124,1,ÇORUM ,ALACA,TRUE,1
ÇORUM,BAYAT,CORUM,BAYAT,13,1177,1,ÇORUM ,BAYAT,TRUE,1
ÇORUM,BOĞAZKALE,CORUM,BOGAZKALE,13,1778,1,ÇORUM ,BOĞAZKALE,TRUE,1
ÇORUM,DODURGA,CORUM,DODURGA,13,1911,1,ÇORUM ,DODURGA,TRUE,1
ÇORUM,İSKİLİP,CORUM,ISKILIP,13,1414,1,ÇORUM ,İSKİLİP,TRUE,1
ÇORUM,KARGI,CORUM,KARGI,13,1445,1,ÇORUM ,KARGI,TRUE,1
ÇORUM,LAÇİN,CORUM,LACIN,13,1972,1,ÇORUM ,LAÇİN,TRUE,1
ÇORUM,MECİTÖZÜ,CORUM,MECITOZU,13,1520,1,ÇORUM ,MECİTÖZÜ,TRUE,1
ÇORUM,MERKEZ,CORUM,MERKEZ,,1259,0,ÇORUM ,MERKEZ,TRUE,1
ÇORUM,OĞUZLAR,CORUM,OGUZLAR,13,1976,1,ÇORUM ,OĞUZLAR,TRUE,1
ÇORUM,ORTAKÖY,CORUM,ORTAKOY,13,1556,1,ÇORUM ,ORTAKÖY,TRUE,1
ÇORUM,OSMANCIK,CORUM,OSMANCIK,13,1558,1,ÇORUM ,OSMANCIK,TRUE,1
ÇORUM,SUNGURLU,CORUM,SUNGURLU,13,1642,1,ÇORUM ,SUNGURLU,TRUE,1
ÇORUM,UĞURLUDAĞ,CORUM,UGURLUDAG,13,1850,1,ÇORUM ,UĞURLUDAĞ,TRUE,1
DENİZLİ,ACIPAYAM,DENIZLI,ACIPAYAM,19,1102,1,DENİZLİ ,ACIPAYAM,TRUE,1
DENİZLİ,BABADAĞ,DENIZLI,BABADAG,19,1769,1,DENİZLİ ,BABADAĞ,TRUE,1
DENİZLİ,BAKLAN,DENIZLI,BAKLAN,19,1881,1,DENİZLİ ,BAKLAN,TRUE,1
DENİZLİ,BEKİLLİ,DENIZLI,BEKILLI,19,1774,1,DENİZLİ ,BEKİLLİ,TRUE,1
DENİZLİ,BEYAĞAÇ,DENIZLI,BEYAGAC,19,1888,1,DENİZLİ ,BEYAĞAÇ,TRUE,1
DENİZLİ,BOZKURT,DENIZLI,BOZKURT,19,1889,1,DENİZLİ ,BOZKURT,TRUE,1
DENİZLİ,BULDAN,DENIZLI,BULDAN,19,1214,1,DENİZLİ ,BULDAN,TRUE,1
DENİZLİ,ÇAL,DENIZLI,CAL,19,1224,1,DENİZLİ ,ÇAL,TRUE,1
DENİZLİ,ÇAMELİ,DENIZLI,CAMELI,19,1226,1,DENİZLİ ,ÇAMELİ,TRUE,1
DENİZLİ,ÇARDAK,DENIZLI,CARDAK,19,1233,1,DENİZLİ ,ÇARDAK,TRUE,1
DENİZLİ,ÇİVRİL,DENIZLI,CIVRIL,19,1257,1,DENİZLİ ,ÇİVRİL,TRUE,1
DENİZLİ,GÜNEY,DENIZLI,GUNEY,19,1371,1,DENİZLİ ,GÜNEY,TRUE,1
DENİZLİ,HONAZ,DENIZLI,HONAZ,19,1803,1,DENİZLİ ,HONAZ,TRUE,1
DENİZLİ,KALE,DENIZLI,KALE,19,1426,1,DENİZLİ ,KALE,TRUE,1
DENİZLİ,MERKEZEFENDİ,DENIZLI,MERKEZEFENDI,19,2079,1,,,FALSE,0
DENİZLİ,PAMUKKALE,DENIZLI,PAMUKKALE,19,1871,1,,,FALSE,0
DENİZLİ,SARAYKÖY,DENIZLI,SARAYKOY,19,1597,1,DENİZLİ ,SARAYKÖY,TRUE,1
DENİZLİ,SERİNHİSAR,DENIZLI,SERINHISAR,19,1840,1,DENİZLİ ,SERİNHİSAR,TRUE,1
DENİZLİ,TAVAS,DENIZLI,TAVAS,19,1670,1,DENİZLİ ,TAVAS,TRUE,1
DİYARBAKIR,BAĞLAR,DIYARBAKIR,BAGLAR,17,2040,1,,,FALSE,0
DİYARBAKIR,BİSMİL,DIYARBAKIR,BISMIL,17,1195,1,DİYARBAKİR ,BİSMİL,TRUE,1
DİYARBAKIR,ÇERMİK,DIYARBAKIR,CERMIK,17,1249,1,DİYARBAKİR ,ÇERMİK,TRUE,1
DİYARBAKIR,ÇINAR,DIYARBAKIR,CINAR,17,1253,1,DİYARBAKİR ,ÇINAR,TRUE,1
DİYARBAKIR,ÇÜNGÜŞ,DIYARBAKIR,CUNGUS,17,1263,1,DİYARBAKİR ,ÇÜNGÜŞ,TRUE,1
DİYARBAKIR,DİCLE,DIYARBAKIR,DICLE,17,1278,1,DİYARBAKİR ,DİCLE,TRUE,1
DİYARBAKIR,EĞİL,DIYARBAKIR,EGIL,17,1791,1,DİYARBAKİR ,EĞİL,TRUE,1
DİYARBAKIR,ERGANİ,DIYARBAKIR,ERGANI,17,1315,1,DİYARBAKİR ,ERGANİ,TRUE,1
DİYARBAKIR,HANİ,DIYARBAKIR,HANI,17,1381,1,DİYARBAKİR ,HANİ,TRUE,1
DİYARBAKIR,HAZRO,DIYARBAKIR,HAZRO,17,1389,1,DİYARBAKİR ,HAZRO,TRUE,1
DİYARBAKIR,KAYAPINAR,DIYARBAKIR,KAYAPINAR,17,2041,1,,,FALSE,0
DİYARBAKIR,KOCAKÖY,DIYARBAKIR,KOCAKOY,17,1962,1,DİYARBAKİR ,KOCAKÖY,TRUE,1
DİYARBAKIR,KULP,DIYARBAKIR,KULP,17,1490,1,DİYARBAKİR ,KULP,TRUE,1
DİYARBAKIR,LİCE,DIYARBAKIR,LICE,17,1504,1,DİYARBAKİR ,LİCE,TRUE,1
DİYARBAKIR,SİLVAN,DIYARBAKIR,SILVAN,17,1624,1,DİYARBAKİR ,SİLVAN,TRUE,1
DİYARBAKIR,SUR,DIYARBAKIR,SUR,17,2042,1,,,FALSE,0
DİYARBAKIR,YENİŞEHİR,DIYARBAKIR,YENISEHIR,17,2043,1,,,FALSE,0
DÜZCE,AKÇAKOCA,DUZCE,AKCAKOCA,7,1116,1,DÜZCE ,AKÇAKOCA,TRUE,1
DÜZCE,ÇİLİMLİ,DUZCE,CILIMLI,7,1905,1,DÜZCE ,ÇİLİMLİ,TRUE,1
DÜZCE,CUMAYERİ,DUZCE,CUMAYERI,7,1784,1,DÜZCE ,CUMAYERİ,TRUE,1
DÜZCE,GÖLYAKA,DUZCE,GOLYAKA,7,1794,1,DÜZCE ,GÖLYAKA,TRUE,1
DÜZCE,GÜMÜŞOVA,DUZCE,GUMUSOVA,7,2017,1,DÜZCE ,GÜMÜŞOVA,TRUE,1
DÜZCE,KAYNAŞLI,DUZCE,KAYNASLI,7,2031,1,DÜZCE ,KAYNAŞLI,TRUE,1
DÜZCE,MERKEZ,DUZCE,MERKEZ,,1292,0,DÜZCE ,MERKEZ,TRUE,1
DÜZCE,YIĞILCA,DUZCE,YIGILCA,7,1730,1,DÜZCE ,YIĞILCA,TRUE,1
EDİRNE,ENEZ,EDIRNE,ENEZ,8,1307,1,EDİRNE ,ENEZ,TRUE,1
EDİRNE,HAVSA,EDIRNE,HAVSA,8,1385,1,EDİRNE ,HAVSA,TRUE,1
EDİRNE,İPSALA,EDIRNE,IPSALA,8,1412,1,EDİRNE ,İPSALA,TRUE,1
EDİRNE,KEŞAN,EDIRNE,KESAN,8,1464,1,EDİRNE ,KEŞAN,TRUE,1
EDİRNE,LALAPAŞA,EDIRNE,LALAPASA,8,1502,1,EDİRNE ,LALAPAŞA,TRUE,1
EDİRNE,MERİÇ,EDIRNE,MERIC,8,1523,1,EDİRNE ,MERİÇ,TRUE,1
EDİRNE,MERKEZ,EDIRNE,MERKEZ,,1295,0,EDİRNE ,MERKEZ,TRUE,1
EDİRNE,SÜLOĞLU,EDIRNE,SULOGLU,8,1988,1,EDİRNE ,SÜLOĞLU,TRUE,1
EDİRNE,UZUNKÖPRÜ,EDIRNE,UZUNKOPRU,8,1705,1,EDİRNE ,UZUNKÖPRÜ,TRUE,1
ELAZIĞ,AĞIN,ELAZIG,AGIN,10,1110,1,ELAZIĞ ,AĞIN,TRUE,1
ELAZIĞ,ALACAKAYA,ELAZIG,ALACAKAYA,10,1873,1,ELAZIĞ ,ALACAKAYA,TRUE,1
ELAZIĞ,ARICAK,ELAZIG,ARICAK,10,1762,1,ELAZIĞ ,ARICAK,TRUE,1
ELAZIĞ,BASKİL,ELAZIG,BASKIL,10,1173,1,ELAZIĞ ,BASKİL,TRUE,1
ELAZIĞ,KARAKOÇAN,ELAZIG,KARAKOCAN,10,1438,1,ELAZIĞ ,KARAKOÇAN,TRUE,1
ELAZIĞ,KEBAN,ELAZIG,KEBAN,10,1455,1,ELAZIĞ ,KEBAN,TRUE,1
ELAZIĞ,KOVANCILAR,ELAZIG,KOVANCILAR,10,1820,1,ELAZIĞ ,KOVANCILAR,TRUE,1
ELAZIĞ,MADEN,ELAZIG,MADEN,10,1506,1,ELAZIĞ ,MADEN,TRUE,1
ELAZIĞ,MERKEZ,ELAZIG,MERKEZ,,1298,0,ELAZIĞ ,MERKEZ,TRUE,1
ELAZIĞ,PALU,ELAZIG,PALU,10,1566,1,ELAZIĞ ,PALU,TRUE,1
ELAZIĞ,SİVRİCE,ELAZIG,SIVRICE,10,1631,1,ELAZIĞ ,SİVRİCE,TRUE,1
ERZİNCAN,ÇAYIRLI,ERZINCAN,CAYIRLI,8,1243,1,ERZİNCAN ,ÇAYIRLI,TRUE,1
ERZİNCAN,İLİÇ,ERZINCAN,ILIC,8,1406,1,ERZİNCAN ,İLİÇ,TRUE,1
ERZİNCAN,KEMAH,ERZINCAN,KEMAH,8,1459,1,ERZİNCAN ,KEMAH,TRUE,1
ERZİNCAN,KEMALİYE,ERZINCAN,KEMALIYE,8,1460,1,ERZİNCAN ,KEMALİYE,TRUE,1
ERZİNCAN,MERKEZ,ERZINCAN,MERKEZ,,1318,0,ERZİNCAN ,MERKEZ,TRUE,1
ERZİNCAN,OTLUKBELİ,ERZINCAN,OTLUKBELI,8,1977,1,ERZİNCAN ,OTLUKBELİ,TRUE,1
ERZİNCAN,REFAHİYE,ERZINCAN,REFAHIYE,8,1583,1,ERZİNCAN ,REFAHİYE,TRUE,1
ERZİNCAN,TERCAN,ERZINCAN,TERCAN,8,1675,1,ERZİNCAN ,TERCAN,TRUE,1
ERZİNCAN,ÜZÜMLÜ,ERZINCAN,UZUMLU,8,1853,1,ERZİNCAN ,ÜZÜMLÜ,TRUE,1
ERZURUM,AŞKALE,ERZURUM,ASKALE,20,1153,1,ERZURUM ,AŞKALE,TRUE,1
ERZURUM,AZİZİYE,ERZURUM,AZIZIYE,20,1945,1,,,FALSE,0
ERZURUM,ÇAT,ERZURUM,CAT,20,1235,1,ERZURUM ,ÇAT,TRUE,1
ERZURUM,HINIS,ERZURUM,HINIS,20,1392,1,ERZURUM ,HINIS,TRUE,1
ERZURUM,HORASAN,ERZURUM,HORASAN,20,1396,1,ERZURUM ,HORASAN,TRUE,1
ERZURUM,İSPİR,ERZURUM,ISPIR,20,1416,1,ERZURUM ,İSPİR,TRUE,1
ERZURUM,KARAÇOBAN,ERZURUM,KARACOBAN,20,1812,1,ERZURUM ,KARAÇOBAN,TRUE,1
ERZURUM,KARAYAZI,ERZURUM,KARAYAZI,20,1444,1,ERZURUM ,KARAYAZI,TRUE,1
ERZURUM,KÖPRÜKÖY,ERZURUM,KOPRUKOY,20,1967,1,ERZURUM ,KÖPRÜKÖY,TRUE,1
ERZURUM,NARMAN,ERZURUM,NARMAN,20,1540,1,ERZURUM ,NARMAN,TRUE,1
ERZURUM,OLTU,ERZURUM,OLTU,20,1550,1,ERZURUM ,OLTU,TRUE,1
ERZURUM,OLUR,ERZURUM,OLUR,20,1551,1,ERZURUM ,OLUR,TRUE,1
ERZURUM,PALANDÖKEN,ERZURUM,PALANDOKEN,20,2044,1,,,FALSE,0
ERZURUM,PASİNLER,ERZURUM,PASINLER,20,1567,1,ERZURUM ,PASİNLER,TRUE,1
ERZURUM,PAZARYOLU,ERZURUM,PAZARYOLU,20,1865,1,ERZURUM ,PAZARYOLU,TRUE,1
ERZURUM,ŞENKAYA,ERZURUM,SENKAYA,20,1657,1,ERZURUM ,ŞENKAYA,TRUE,1
ERZURUM,TEKMAN,ERZURUM,TEKMAN,20,1674,1,ERZURUM ,TEKMAN,TRUE,1
ERZURUM,TORTUM,ERZURUM,TORTUM,20,1683,1,ERZURUM ,TORTUM,TRUE,1
ERZURUM,UZUNDERE,ERZURUM,UZUNDERE,20,1851,1,ERZURUM ,UZUNDERE,TRUE,1
ERZURUM,YAKUTİYE,ERZURUM,YAKUTIYE,20,2045,1,,,FALSE,0
ESKİŞEHİR,ALPU,ESKISEHIR,ALPU,14,1759,1,ESKİSEHİR ,ALPU,TRUE,1
ESKİŞEHİR,BEYLİKOVA,ESKISEHIR,BEYLIKOVA,14,1777,1,ESKİSEHİR ,BEYLİKOVA,TRUE,1
ESKİŞEHİR,ÇİFTELER,ESKISEHIR,CIFTELER,14,1255,1,ESKİSEHİR ,ÇİFTELER,TRUE,1
ESKİŞEHİR,GÜNYÜZÜ,ESKISEHIR,GUNYUZU,14,1934,1,ESKİSEHİR ,GÜNYÜZÜ,TRUE,1
ESKİŞEHİR,HAN,ESKISEHIR,HAN,14,1939,1,ESKİSEHİR ,HAN,TRUE,1
ESKİŞEHİR,İNÖNÜ,ESKISEHIR,INONU,14,1808,1,ESKİSEHİR ,İNÖNÜ,TRUE,1
ESKİŞEHİR,MAHMUDİYE,ESKISEHIR,MAHMUDIYE,14,1508,1,ESKİSEHİR ,MAHMUDİYE,TRUE,1
ESKİŞEHİR,MİHALGAZİ,ESKISEHIR,MIHALGAZI,14,1973,1,ESKİSEHİR ,MİHALGAZİ,TRUE,1
ESKİŞEHİR,MİHALIÇÇIK,ESKISEHIR,MIHALICCIK,14,1527,1,ESKİSEHİR ,MİHALIÇÇIK,TRUE,1
ESKİŞEHİR,ODUNPAZARI,ESKISEHIR,ODUNPAZARI,14,2046,1,,,FALSE,0
ESKİŞEHİR,SARICAKAYA,ESKISEHIR,SARICAKAYA,14,1599,1,ESKİSEHİR ,SARICAKAYA,TRUE,1
ESKİŞEHİR,SEYİTGAZİ,ESKISEHIR,SEYITGAZI,14,1618,1,ESKİSEHİR ,SEYİTGAZİ,TRUE,1
ESKİŞEHİR,SİVRİHİSAR,ESKISEHIR,SIVRIHISAR,14,1632,1,ESKİSEHİR ,SİVRİHİSAR,TRUE,1
ESKİŞEHİR,TEPEBAŞI,ESKISEHIR,TEPEBASI,14,2047,1,,,FALSE,0
GAZİANTEP,ARABAN,GAZIANTEP,ARABAN,9,1139,1,GAZİANTEP ,ARABAN,TRUE,1
GAZİANTEP,İSLAHİYE,GAZIANTEP,ISLAHIYE,9,1415,1,GAZİANTEP ,İSLAHİYE,TRUE,1
GAZİANTEP,KARKAMIŞ,GAZIANTEP,KARKAMIS,9,1956,1,GAZİANTEP ,KARKAMIŞ,TRUE,1
GAZİANTEP,NİZİP,GAZIANTEP,NIZIP,9,1546,1,GAZİANTEP ,NİZİP,TRUE,1
GAZİANTEP,NURDAĞI,GAZIANTEP,NURDAGI,9,1974,1,GAZİANTEP ,NURDAĞI,TRUE,1
GAZİANTEP,OĞUZELİ,GAZIANTEP,OGUZELI,9,1549,1,GAZİANTEP ,OĞUZELİ,TRUE,1
GAZİANTEP,ŞAHİNBEY,GAZIANTEP,SAHINBEY,9,1841,1,GAZİANTEP ,ŞAHİNBEY,TRUE,1
GAZİANTEP,ŞEHİTKAMİL,GAZIANTEP,SEHITKAMIL,9,1844,1,GAZİANTEP ,ŞEHİTKAMİL,TRUE,1
GAZİANTEP,YAVUZELİ,GAZIANTEP,YAVUZELI,9,1720,1,GAZİANTEP ,YAVUZELİ,TRUE,1
GİRESUN,ALUCRA,GIRESUN,ALUCRA,15,1133,1,GİRESUN ,ALUCRA,TRUE,1
GİRESUN,BULANCAK,GIRESUN,BULANCAK,15,1212,1,GİRESUN ,BULANCAK,TRUE,1
GİRESUN,ÇAMOLUK,GIRESUN,CAMOLUK,15,1893,1,GİRESUN ,ÇAMOLUK,TRUE,1
GİRESUN,ÇANAKÇI,GIRESUN,CANAKCI,15,1894,1,GİRESUN ,ÇANAKÇI,TRUE,1
GİRESUN,DERELİ,GIRESUN,DERELI,15,1272,1,GİRESUN ,DERELİ,TRUE,1
GİRESUN,DOĞANKENT,GIRESUN,DOGANKENT,15,1912,1,GİRESUN ,DOĞANKENT,TRUE,1
GİRESUN,ESPİYE,GIRESUN,ESPIYE,15,1320,1,GİRESUN ,ESPİYE,TRUE,1
GİRESUN,EYNESİL,GIRESUN,EYNESIL,15,1324,1,GİRESUN ,EYNESİL,TRUE,1
GİRESUN,GÖRELE,GIRESUN,GORELE,15,1361,1,GİRESUN ,GÖRELE,TRUE,1
GİRESUN,GÜCE,GIRESUN,GUCE,15,1930,1,GİRESUN ,GÜCE,TRUE,1
GİRESUN,KEŞAP,GIRESUN,KESAP,15,1465,1,GİRESUN ,KEŞAP,TRUE,1
GİRESUN,MERKEZ,GIRESUN,MERKEZ,,1352,0,GİRESUN ,MERKEZ,TRUE,1
GİRESUN,PİRAZİZ,GIRESUN,PIRAZIZ,15,1837,1,GİRESUN ,PİRAZİZ,TRUE,1
GİRESUN,ŞEBİNKARAHİSAR,GIRESUN,SEBINKARAHISAR,15,1654,1,GİRESUN ,ŞEBİNKARAHİSAR,TRUE,1
GİRESUN,TİREBOLU,GIRESUN,TIREBOLU,15,1678,1,GİRESUN ,TİREBOLU,TRUE,1
GİRESUN,YAĞLIDERE,GIRESUN,YAGLIDERE,15,1854,1,GİRESUN ,YAĞLIDERE,TRUE,1
GÜMÜŞHANE,KELKİT,GUMUSHANE,KELKIT,5,1458,1,GÜMÜSHANE ,KELKİT,TRUE,1
GÜMÜŞHANE,KÖSE,GUMUSHANE,KOSE,5,1822,1,GÜMÜSHANE ,KÖSE,TRUE,1
GÜMÜŞHANE,KÜRTÜN,GUMUSHANE,KURTUN,5,1971,1,GÜMÜSHANE ,KÜRTÜN,TRUE,1
GÜMÜŞHANE,MERKEZ,GUMUSHANE,MERKEZ,,1369,0,GÜMÜSHANE ,MERKEZ,TRUE,1
GÜMÜŞHANE,ŞİRAN,GUMUSHANE,SIRAN,5,1660,1,GÜMÜSHANE ,ŞİRAN,TRUE,1
GÜMÜŞHANE,TORUL,GUMUSHANE,TORUL,5,1684,1,GÜMÜSHANE ,TORUL,TRUE,1
HAKKARİ,ÇUKURCA,HAKKARI,CUKURCA,4,1261,1,HAKKARİ ,ÇUKURCA,TRUE,1
HAKKARİ,DERECİK,HAKKARI,DERECIK,4,2107,1,,,FALSE,0
HAKKARİ,MERKEZ,HAKKARI,MERKEZ,,1377,0,HAKKARİ ,MERKEZ,TRUE,1
HAKKARİ,ŞEMDİNLİ,HAKKARI,SEMDINLI,4,1656,1,HAKKARİ ,ŞEMDİNLİ,TRUE,1
HAKKARİ,YÜKSEKOVA,HAKKARI,YUKSEKOVA,4,1737,1,HAKKARİ ,YÜKSEKOVA,TRUE,1
HATAY,ALTINÖZÜ,HATAY,ALTINOZU,15,1131,1,HATAY ,ALTINÖZÜ,TRUE,1
HATAY,ANTAKYA,HATAY,ANTAKYA,15,2080,1,,,FALSE,0
HATAY,ARSUZ,HATAY,ARSUZ,15,2081,1,,,FALSE,0
HATAY,BELEN,HATAY,BELEN,15,1887,1,HATAY ,BELEN,TRUE,1
HATAY,DEFNE,HATAY,DEFNE,15,2082,1,,,FALSE,0
HATAY,DÖRTYOL,HATAY,DORTYOL,15,1289,1,HATAY ,DÖRTYOL,TRUE,1
HATAY,ERZİN,HATAY,ERZIN,15,1792,1,HATAY ,ERZİN,TRUE,1
HATAY,HASSA,HATAY,HASSA,15,1382,1,HATAY ,HASSA,TRUE,1
HATAY,İSKENDERUN,HATAY,ISKENDERUN,15,1413,1,HATAY ,İSKENDERUN,TRUE,1
HATAY,KIRIKHAN,HATAY,KIRIKHAN,15,1468,1,HATAY ,KIRIKHAN,TRUE,1
HATAY,KUMLU,HATAY,KUMLU,15,1970,1,HATAY ,KUMLU,TRUE,1
HATAY,PAYAS,HATAY,PAYAS,15,2083,1,,,FALSE,0
HATAY,REYHANLI,HATAY,REYHANLI,15,1585,1,HATAY ,REYHANLI,TRUE,1
HATAY,SAMANDAĞ,HATAY,SAMANDAG,15,1591,1,HATAY ,SAMANDAĞ,TRUE,1
HATAY,YAYLADAĞI,HATAY,YAYLADAGI,15,1721,1,HATAY ,YAYLADAĞI,TRUE,1
IĞDIR,ARALIK,IGDIR,ARALIK,3,1142,1,IĞDIR ,ARALIK,TRUE,1
IĞDIR,KARAKOYUNLU,IGDIR,KARAKOYUNLU,3,2011,1,IĞDIR ,KARAKOYUNLU,TRUE,1
IĞDIR,MERKEZ,IGDIR,MERKEZ,,1398,0,IĞDIR ,MERKEZ,TRUE,1
IĞDIR,TUZLUCA,IGDIR,TUZLUCA,3,1692,1,IĞDIR ,TUZLUCA,TRUE,1
ISPARTA,AKSU,ISPARTA,AKSU,12,1755,1,ISPARTA ,AKSU,TRUE,1
ISPARTA,ATABEY,ISPARTA,ATABEY,12,1154,1,ISPARTA ,ATABEY,TRUE,1
ISPARTA,EĞİRDİR,ISPARTA,EGIRDIR,12,1297,1,ISPARTA ,EĞİRDİR,TRUE,1
ISPARTA,GELENDOST,ISPARTA,GELENDOST,12,1341,1,ISPARTA ,GELENDOST,TRUE,1
ISPARTA,GÖNEN,ISPARTA,GONEN,12,1929,1,ISPARTA ,GÖNEN,TRUE,1
ISPARTA,KEÇİBORLU,ISPARTA,KECIBORLU,12,1456,1,ISPARTA ,KEÇİBORLU,TRUE,1
ISPARTA,MERKEZ,ISPARTA,MERKEZ,,1401,0,ISPARTA ,MERKEZ,TRUE,1
ISPARTA,ŞARKİKARAAĞAÇ,ISPARTA,SARKIKARAAGAC,12,1651,1,ISPARTA ,ŞARKİKARAAĞAÇ,TRUE,1
ISPARTA,SENİRKENT,ISPARTA,SENIRKENT,12,1615,1,ISPARTA ,SENİRKENT,TRUE,1
ISPARTA,SÜTÇÜLER,ISPARTA,SUTCULER,12,1648,1,ISPARTA ,SÜTÇÜLER,TRUE,1
ISPARTA,ULUBORLU,ISPARTA,ULUBORLU,12,1699,1,ISPARTA ,ULUBORLU,TRUE,1
ISPARTA,YALVAÇ,ISPARTA,YALVAC,12,1717,1,ISPARTA ,YALVAÇ,TRUE,1
ISPARTA,YENİŞARBADEMLİ,ISPARTA,YENISARBADEMLI,12,2001,1,ISPARTA ,YENİŞARBADEMLİ,TRUE,1
İSTANBUL,ADALAR,ISTANBUL,ADALAR,39,1103,1,ISTANBUL ,ADALAR,TRUE,1
İSTANBUL,ARNAVUTKÖY,ISTANBUL,ARNAVUTKOY,39,2048,1,ISTANBUL ,ARNAVUTKÖY,TRUE,1
İSTANBUL,ATAŞEHİR,ISTANBUL,ATASEHIR,39,2049,1,ISTANBUL ,ATAŞEHİR,TRUE,1
İSTANBUL,AVCILAR,ISTANBUL,AVCILAR,39,2003,1,ISTANBUL ,AVCILAR,TRUE,1
İSTANBUL,BAĞCILAR,ISTANBUL,BAGCILAR,39,2004,1,ISTANBUL ,BAĞCILAR,TRUE,1
İSTANBUL,BAHÇELİEVLER,ISTANBUL,BAHCELIEVLER,39,2005,1,ISTANBUL ,BAHÇELİEVLER,TRUE,1
İSTANBUL,BAKIRKÖY,ISTANBUL,BAKIRKOY,39,1166,1,ISTANBUL ,BAKIRKÖY,TRUE,1
İSTANBUL,BAŞAKŞEHİR,ISTANBUL,BASAKSEHIR,39,2050,1,ISTANBUL ,BAŞAKŞEHİR,TRUE,1
İSTANBUL,BAYRAMPAŞA,ISTANBUL,BAYRAMPASA,39,1886,1,ISTANBUL ,BAYRAMPAŞA,TRUE,1
İSTANBUL,BEŞİKTAŞ,ISTANBUL,BESIKTAS,39,1183,1,ISTANBUL ,BEŞİKTAŞ,TRUE,1
İSTANBUL,BEYKOZ,ISTANBUL,BEYKOZ,39,1185,1,ISTANBUL ,BEYKOZ,TRUE,1
İSTANBUL,BEYLİKDÜZÜ,ISTANBUL,BEYLIKDUZU,39,2051,1,ISTANBUL ,BEYLİKDÜZÜ,TRUE,1
İSTANBUL,BEYOĞLU,ISTANBUL,BEYOGLU,39,1186,1,ISTANBUL ,BEYOĞLU,TRUE,1
İSTANBUL,BÜYÜKÇEKMECE,ISTANBUL,BUYUKCEKMECE,39,1782,1,ISTANBUL ,BÜYÜKÇEKMECE,TRUE,1
İSTANBUL,ÇATALCA,ISTANBUL,CATALCA,39,1237,1,ISTANBUL ,ÇATALCA,TRUE,1
İSTANBUL,ÇEKMEKÖY,ISTANBUL,CEKMEKOY,39,2052,1,ISTANBUL ,ÇEKMEKÖY,TRUE,1
İSTANBUL,ESENLER,ISTANBUL,ESENLER,39,2016,1,ISTANBUL ,ESENLER,TRUE,1
İSTANBUL,ESENYURT,ISTANBUL,ESENYURT,39,2053,1,ISTANBUL ,ESENYURT,TRUE,1
İSTANBUL,EYÜPSULTAN,ISTANBUL,EYUPSULTAN,39,1325,1,ISTANBUL ,EYÜPSULTAN,TRUE,1
İSTANBUL,FATİH,ISTANBUL,FATIH,39,1327,1,ISTANBUL ,FATİH,TRUE,1
İSTANBUL,GAZİOSMANPAŞA,ISTANBUL,GAZIOSMANPASA,39,1336,1,ISTANBUL ,GAZİOSMANPAŞA,TRUE,1
İSTANBUL,GÜNGÖREN,ISTANBUL,GUNGOREN,39,2010,1,ISTANBUL ,GÜNGÖREN,TRUE,1
İSTANBUL,KADIKÖY,ISTANBUL,KADIKOY,39,1421,1,ISTANBUL ,KADIKÖY,TRUE,1
İSTANBUL,KAĞITHANE,ISTANBUL,KAGITHANE,39,1810,1,ISTANBUL ,KAĞITHANE,TRUE,1
İSTANBUL,KARTAL,ISTANBUL,KARTAL,39,1449,1,ISTANBUL ,KARTAL,TRUE,1
İSTANBUL,KÜÇÜKÇEKMECE,ISTANBUL,KUCUKCEKMECE,39,1823,1,ISTANBUL ,KÜÇÜKÇEKMECE,TRUE,1
İSTANBUL,MALTEPE,ISTANBUL,MALTEPE,39,2012,1,ISTANBUL ,MALTEPE,TRUE,1
İSTANBUL,PENDİK,ISTANBUL,PENDIK,39,1835,1,ISTANBUL ,PENDİK,TRUE,1
İSTANBUL,SANCAKTEPE,ISTANBUL,SANCAKTEPE,39,2054,1,ISTANBUL ,SANCAKTEPE,TRUE,1
İSTANBUL,SARIYER,ISTANBUL,SARIYER,39,1604,1,ISTANBUL ,SARIYER,TRUE,1
İSTANBUL,ŞİLE,ISTANBUL,SILE,39,1659,1,ISTANBUL ,ŞİLE,TRUE,1
İSTANBUL,SİLİVRİ,ISTANBUL,SILIVRI,39,1622,1,,,FALSE,0
İSTANBUL,ŞİŞLİ,ISTANBUL,SISLI,39,1663,1,ISTANBUL ,ŞİŞLİ,TRUE,1
İSTANBUL,SULTANBEYLİ,ISTANBUL,SULTANBEYLI,39,2014,1,ISTANBUL ,SULTANBEYLİ,TRUE,1
İSTANBUL,SULTANGAZİ,ISTANBUL,SULTANGAZI,39,2055,1,ISTANBUL ,SULTANGAZİ,TRUE,1
İSTANBUL,TUZLA,ISTANBUL,TUZLA,39,2015,1,ISTANBUL ,TUZLA,TRUE,1
İSTANBUL,ÜMRANİYE,ISTANBUL,UMRANIYE,39,1852,1,ISTANBUL ,ÜMRANİYE,TRUE,1
İSTANBUL,ÜSKÜDAR,ISTANBUL,USKUDAR,39,1708,1,ISTANBUL ,ÜSKÜDAR,TRUE,1
İSTANBUL,ZEYTİNBURNU,ISTANBUL,ZEYTINBURNU,39,1739,1,ISTANBUL ,ZEYTİNBURNU,TRUE,1
İZMİR,ALİAĞA,IZMIR,ALIAGA,30,1128,1,IZMİR ,ALİAĞA,TRUE,1
İZMİR,BALÇOVA,IZMIR,BALCOVA,30,2006,1,IZMİR ,BALÇOVA,TRUE,1
İZMİR,BAYINDIR,IZMIR,BAYINDIR,30,1178,1,IZMİR ,BAYINDIR,TRUE,1
İZMİR,BAYRAKLI,IZMIR,BAYRAKLI,30,2056,1,,,FALSE,0
İZMİR,BERGAMA,IZMIR,BERGAMA,30,1181,1,IZMİR ,BERGAMA,TRUE,1
İZMİR,BEYDAĞ,IZMIR,BEYDAG,30,1776,1,IZMİR ,BEYDAĞ,TRUE,1
İZMİR,BORNOVA,IZMIR,BORNOVA,30,1203,1,IZMİR ,BORNOVA,TRUE,1
İZMİR,BUCA,IZMIR,BUCA,30,1780,1,IZMİR ,BUCA,TRUE,1
İZMİR,ÇEŞME,IZMIR,CESME,30,1251,1,IZMİR ,ÇEŞME,TRUE,1
İZMİR,ÇİĞLİ,IZMIR,CIGLI,30,2007,1,IZMİR ,ÇİĞLİ,TRUE,1
İZMİR,DİKİLİ,IZMIR,DIKILI,30,1280,1,IZMİR ,DİKİLİ,TRUE,1
İZMİR,FOÇA,IZMIR,FOCA,30,1334,1,IZMİR ,FOÇA,TRUE,1
İZMİR,GAZİEMİR,IZMIR,GAZIEMIR,30,2009,1,IZMİR ,GAZİEMİR,TRUE,1
İZMİR,GÜZELBAHÇE,IZMIR,GUZELBAHCE,30,2018,1,IZMİR ,GÜZELBAHÇE,TRUE,1
İZMİR,KARABAĞLAR,IZMIR,KARABAGLAR,30,2057,1,,,FALSE,0
İZMİR,KARABURUN,IZMIR,KARABURUN,30,1432,1,IZMİR ,KARABURUN,TRUE,1
İZMİR,KARŞIYAKA,IZMIR,KARSIYAKA,30,1448,1,IZMİR ,KARŞIYAKA,TRUE,1
İZMİR,KEMALPAŞA,IZMIR,KEMALPASA,30,1461,1,IZMİR ,KEMALPAŞA,TRUE,1
İZMİR,KINIK,IZMIR,KINIK,30,1467,1,IZMİR ,KINIK,TRUE,1
İZMİR,KİRAZ,IZMIR,KIRAZ,30,1477,1,IZMİR ,KİRAZ,TRUE,1
İZMİR,KONAK,IZMIR,KONAK,30,1819,1,IZMİR ,KONAK,TRUE,1
İZMİR,MENDERES,IZMIR,MENDERES,30,1826,1,IZMİR ,MENDERES,TRUE,1
İZMİR,MENEMEN,IZMIR,MENEMEN,30,1521,1,IZMİR ,MENEMEN,TRUE,1
İZMİR,NARLIDERE,IZMIR,NARLIDERE,30,2013,1,IZMİR ,NARLIDERE,TRUE,1
İZMİR,ÖDEMİŞ,IZMIR,ODEMIS,30,1563,1,IZMİR ,ÖDEMİŞ,TRUE,1
İZMİR,SEFERİHİSAR,IZMIR,SEFERIHISAR,30,1611,1,IZMİR ,SEFERİHİSAR,TRUE,1
İZMİR,SELÇUK,IZMIR,SELCUK,30,1612,1,IZMİR ,SELÇUK,TRUE,1
İZMİR,TİRE,IZMIR,TIRE,30,1677,1,IZMİR ,TİRE,TRUE,1
İZMİR,TORBALI,IZMIR,TORBALI,30,1682,1,IZMİR ,TORBALI,TRUE,1
İZMİR,URLA,IZMIR,URLA,30,1703,1,IZMİR ,URLA,TRUE,1
KAHRAMANMARAŞ,AFŞİN,KAHRAMANMARAS,AFSIN,11,1107,1,K. MARAS ,AFŞİN,TRUE,1
KAHRAMANMARAŞ,ANDIRIN,KAHRAMANMARAS,ANDIRIN,11,1136,1,K. MARAS ,ANDIRIN,TRUE,1
KAHRAMANMARAŞ,ÇAĞLAYANCERİT,KAHRAMANMARAS,CAGLAYANCERIT,11,1785,1,K. MARAS ,ÇAĞLAYANCERİT,TRUE,1
KAHRAMANMARAŞ,DULKADİROĞLU,KAHRAMANMARAS,DULKADIROGLU,11,2084,1,,,FALSE,0
KAHRAMANMARAŞ,EKİNÖZÜ,KAHRAMANMARAS,EKINOZU,11,1919,1,K. MARAS ,EKİNÖZÜ,TRUE,1
KAHRAMANMARAŞ,ELBİSTAN,KAHRAMANMARAS,ELBISTAN,11,1299,1,K. MARAS ,ELBİSTAN,TRUE,1
KAHRAMANMARAŞ,GÖKSUN,KAHRAMANMARAS,GOKSUN,11,1353,1,K. MARAS ,GÖKSUN,TRUE,1
KAHRAMANMARAŞ,NURHAK,KAHRAMANMARAS,NURHAK,11,1975,1,K. MARAS ,NURHAK,TRUE,1
KAHRAMANMARAŞ,ONİKİŞUBAT,KAHRAMANMARAS,ONIKISUBAT,11,2085,1,,,FALSE,0
KAHRAMANMARAŞ,PAZARCIK,KAHRAMANMARAS,PAZARCIK,11,1570,1,K. MARAS ,PAZARCIK,TRUE,1
KAHRAMANMARAŞ,TÜRKOĞLU,KAHRAMANMARAS,TURKOGLU,11,1694,1,K. MARAS ,TÜRKOĞLU,TRUE,1
KARABÜK,EFLANİ,KARABUK,EFLANI,5,1296,1,KARABÜK ,EFLANİ,TRUE,1
KARABÜK,ESKİPAZAR,KARABUK,ESKIPAZAR,5,1321,1,KARABÜK ,ESKİPAZAR,TRUE,1
KARABÜK,MERKEZ,KARABUK,MERKEZ,,1433,0,KARABÜK ,MERKEZ,TRUE,1
KARABÜK,OVACIK,KARABUK,OVACIK,5,1561,1,KARABÜK ,OVACIK,TRUE,1
KARABÜK,SAFRANBOLU,KARABUK,SAFRANBOLU,5,1587,1,KARABÜK ,SAFRANBOLU,TRUE,1
KARABÜK,YENİCE,KARABUK,YENICE,5,1856,1,KARABÜK ,YENİCE,TRUE,1
KARAMAN,AYRANCI,KARAMAN,AYRANCI,5,1768,1,KARAMAN ,AYRANCI,TRUE,1
KARAMAN,BAŞYAYLA,KARAMAN,BASYAYLA,5,1884,1,KARAMAN ,BAŞYAYLA,TRUE,1
KARAMAN,ERMENEK,KARAMAN,ERMENEK,5,1316,1,KARAMAN ,ERMENEK,TRUE,1
KARAMAN,KAZIMKARABEKİR,KARAMAN,KAZIMKARABEKIR,5,1862,1,KARAMAN ,KAZIMKARABEKİR,TRUE,1
KARAMAN,MERKEZ,KARAMAN,MERKEZ,,1439,0,KARAMAN ,MERKEZ,TRUE,1
KARAMAN,SARIVELİLER,KARAMAN,SARIVELILER,5,1983,1,KARAMAN ,SARIVELİLER,TRUE,1
KARS,AKYAKA,KARS,AKYAKA,7,1756,1,KARS ,AKYAKA,TRUE,1
KARS,ARPAÇAY,KARS,ARPACAY,7,1149,1,KARS ,ARPAÇAY,TRUE,1
KARS,DİGOR,KARS,DIGOR,7,1279,1,KARS ,DİGOR,TRUE,1
KARS,KAĞIZMAN,KARS,KAGIZMAN,7,1424,1,KARS ,KAĞIZMAN,TRUE,1
KARS,MERKEZ,KARS,MERKEZ,,1447,0,KARS ,MERKEZ,TRUE,1
KARS,SARIKAMIŞ,KARS,SARIKAMIS,7,1601,1,KARS ,SARIKAMIŞ,TRUE,1
KARS,SELİM,KARS,SELIM,7,1614,1,KARS ,SELİM,TRUE,1
KARS,SUSUZ,KARS,SUSUZ,7,1645,1,KARS ,SUSUZ,TRUE,1
KASTAMONU,ABANA,KASTAMONU,ABANA,19,1101,1,KASTAMONU ,ABANA,TRUE,1
KASTAMONU,AĞLI,KASTAMONU,AGLI,19,1867,1,KASTAMONU ,AĞLI,TRUE,1
KASTAMONU,ARAÇ,KASTAMONU,ARAC,19,1140,1,KASTAMONU ,ARAÇ,TRUE,1
KASTAMONU,AZDAVAY,KASTAMONU,AZDAVAY,19,1162,1,KASTAMONU ,AZDAVAY,TRUE,1
KASTAMONU,BOZKURT,KASTAMONU,BOZKURT,19,1208,1,KASTAMONU ,BOZKURT,TRUE,1
KASTAMONU,ÇATALZEYTİN,KASTAMONU,CATALZEYTIN,19,1238,1,KASTAMONU ,ÇATALZEYTİN,TRUE,1
KASTAMONU,CİDE,KASTAMONU,CIDE,19,1221,1,KASTAMONU ,CİDE,TRUE,1
KASTAMONU,DADAY,KASTAMONU,DADAY,19,1264,1,KASTAMONU ,DADAY,TRUE,1
KASTAMONU,DEVREKANİ,KASTAMONU,DEVREKANI,19,1277,1,KASTAMONU ,DEVREKANİ,TRUE,1
KASTAMONU,DOĞANYURT,KASTAMONU,DOGANYURT,19,1915,1,KASTAMONU ,DOĞANYURT,TRUE,1
KASTAMONU,HANÖNÜ,KASTAMONU,HANONU,19,1940,1,KASTAMONU ,HANÖNÜ,TRUE,1
KASTAMONU,İHSANGAZİ,KASTAMONU,IHSANGAZI,19,1805,1,KASTAMONU ,İHSANGAZİ,TRUE,1
KASTAMONU,İNEBOLU,KASTAMONU,INEBOLU,19,1410,1,KASTAMONU ,İNEBOLU,TRUE,1
KASTAMONU,KÜRE,KASTAMONU,KURE,19,1499,1,KASTAMONU ,KÜRE,TRUE,1
KASTAMONU,MERKEZ,KASTAMONU,MERKEZ,,1450,0,KASTAMONU ,MERKEZ,TRUE,1
KASTAMONU,PINARBAŞI,KASTAMONU,PINARBASI,19,1836,1,KASTAMONU ,PINARBAŞI,TRUE,1
KASTAMONU,ŞENPAZAR,KASTAMONU,SENPAZAR,19,1845,1,KASTAMONU ,ŞENPAZAR,TRUE,1
KASTAMONU,SEYDİLER,KASTAMONU,SEYDILER,19,1984,1,KASTAMONU ,SEYDİLER,TRUE,1
KASTAMONU,TAŞKÖPRÜ,KASTAMONU,TASKOPRU,19,1666,1,KASTAMONU ,TAŞKÖPRÜ,TRUE,1
KASTAMONU,TOSYA,KASTAMONU,TOSYA,19,1685,1,KASTAMONU ,TOSYA,TRUE,1
KAYSERİ,AKKIŞLA,KAYSERI,AKKISLA,16,1752,1,KAYSERİ ,AKKIŞLA,TRUE,1
KAYSERİ,BÜNYAN,KAYSERI,BUNYAN,16,1218,1,KAYSERİ ,BÜNYAN,TRUE,1
KAYSERİ,DEVELİ,KAYSERI,DEVELI,16,1275,1,KAYSERİ ,DEVELİ,TRUE,1
KAYSERİ,FELAHİYE,KAYSERI,FELAHIYE,16,1330,1,KAYSERİ ,FELAHİYE,TRUE,1
KAYSERİ,HACILAR,KAYSERI,HACILAR,16,1936,1,KAYSERİ ,HACILAR,TRUE,1
KAYSERİ,İNCESU,KAYSERI,INCESU,16,1409,1,KAYSERİ ,İNCESU,TRUE,1
KAYSERİ,KOCASİNAN,KAYSERI,KOCASINAN,16,1863,1,KAYSERİ ,KOCASİNAN,TRUE,1
KAYSERİ,MELİKGAZİ,KAYSERI,MELIKGAZI,16,1864,1,KAYSERİ ,MELİKGAZİ,TRUE,1
KAYSERİ,ÖZVATAN,KAYSERI,OZVATAN,16,1978,1,KAYSERİ ,ÖZVATAN,TRUE,1
KAYSERİ,PINARBAŞI,KAYSERI,PINARBASI,16,1576,1,KAYSERİ ,PINARBAŞI,TRUE,1
KAYSERİ,SARIOĞLAN,KAYSERI,SARIOGLAN,16,1603,1,KAYSERİ ,SARIOĞLAN,TRUE,1
KAYSERİ,SARIZ,KAYSERI,SARIZ,16,1605,1,KAYSERİ ,SARIZ,TRUE,1
KAYSERİ,TALAS,KAYSERI,TALAS,16,1846,1,KAYSERİ ,TALAS,TRUE,1
KAYSERİ,TOMARZA,KAYSERI,TOMARZA,16,1680,1,KAYSERİ ,TOMARZA,TRUE,1
KAYSERİ,YAHYALI,KAYSERI,YAHYALI,16,1715,1,KAYSERİ ,YAHYALI,TRUE,1
KAYSERİ,YEŞİLHİSAR,KAYSERI,YESILHISAR,16,1727,1,KAYSERİ ,YEŞİLHİSAR,TRUE,1
KİLİS,ELBEYLİ,KILIS,ELBEYLI,3,2023,1,KİLİS ,ELBEYLİ,TRUE,1
KİLİS,MERKEZ,KILIS,MERKEZ,,1476,0,KİLİS ,MERKEZ,TRUE,1
KİLİS,MUSABEYLİ,KILIS,MUSABEYLI,3,2024,1,KİLİS ,MUSABEYLİ,TRUE,1
KİLİS,POLATELİ,KILIS,POLATELI,3,2025,1,KİLİS ,POLATELİ,TRUE,1
KIRIKKALE,BAHŞİLİ,KIRIKKALE,BAHSILI,8,1880,1,KİNKKALE ,BAHŞİLİ,TRUE,1
KIRIKKALE,BALIŞEYH,KIRIKKALE,BALISEYH,8,1882,1,KİNKKALE ,BALIŞEYH,TRUE,1
KIRIKKALE,ÇELEBİ,KIRIKKALE,CELEBI,8,1901,1,KİNKKALE ,ÇELEBİ,TRUE,1
KIRIKKALE,DELİCE,KIRIKKALE,DELICE,8,1268,1,KİNKKALE ,DELİCE,TRUE,1
KIRIKKALE,KARAKEÇİLİ,KIRIKKALE,KARAKECILI,8,1954,1,KİNKKALE ,KARAKEÇİLİ,TRUE,1
KIRIKKALE,KESKİN,KIRIKKALE,KESKIN,8,1463,1,KİNKKALE ,KESKİN,TRUE,1
KIRIKKALE,MERKEZ,KIRIKKALE,MERKEZ,,1469,0,KİNKKALE ,MERKEZ,TRUE,1
KIRIKKALE,SULAKYURT,KIRIKKALE,SULAKYURT,8,1638,1,KİNKKALE ,SULAKYURT,TRUE,1
KIRIKKALE,YAHŞİHAN,KIRIKKALE,YAHSIHAN,8,1992,1,KİNKKALE ,YAHŞİHAN,TRUE,1
KIRKLARELİ,BABAESKİ,KIRKLARELI,BABAESKI,7,1163,1,KİRKLARELİ ,BABAESKİ,TRUE,1
KIRKLARELİ,DEMİRKÖY,KIRKLARELI,DEMIRKOY,7,1270,1,KİRKLARELİ ,DEMİRKÖY,TRUE,1
KIRKLARELİ,KOFÇAZ,KIRKLARELI,KOFCAZ,7,1480,1,KİRKLARELİ ,KOFÇAZ,TRUE,1
KIRKLARELİ,LÜLEBURGAZ,KIRKLARELI,LULEBURGAZ,7,1505,1,KİRKLARELİ ,LÜLEBURGAZ,TRUE,1
KIRKLARELİ,MERKEZ,KIRKLARELI,MERKEZ,,1471,0,KİRKLARELİ ,MERKEZ,TRUE,1
KIRKLARELİ,PEHLİVANKÖY,KIRKLARELI,PEHLIVANKOY,7,1572,1,KİRKLARELİ ,PEHLİVANKÖY,TRUE,1
KIRKLARELİ,PINARHİSAR,KIRKLARELI,PINARHISAR,7,1577,1,KİRKLARELİ ,PINARHİSAR,TRUE,1
KIRKLARELİ,VİZE,KIRKLARELI,VIZE,7,1714,1,KİRKLARELİ ,VİZE,TRUE,1
KIRŞEHİR,AKÇAKENT,KIRSEHIR,AKCAKENT,6,1869,1,KİRSEHİR ,AKÇAKENT,TRUE,1
KIRŞEHİR,AKPINAR,KIRSEHIR,AKPINAR,6,1754,1,KİRSEHİR ,AKPINAR,TRUE,1
KIRŞEHİR,BOZTEPE,KIRSEHIR,BOZTEPE,6,1890,1,KİRSEHİR ,BOZTEPE,TRUE,1
KIRŞEHİR,ÇİÇEKDAĞI,KIRSEHIR,CICEKDAGI,6,1254,1,KİRSEHİR ,ÇİÇEKDAĞI,TRUE,1
KIRŞEHİR,KAMAN,KIRSEHIR,KAMAN,6,1429,1,KİRSEHİR ,KAMAN,TRUE,1
KIRŞEHİR,MERKEZ,KIRSEHIR,MERKEZ,,1472,0,KİRSEHİR ,MERKEZ,TRUE,1
KIRŞEHİR,MUCUR,KIRSEHIR,MUCUR,6,1529,1,KİRSEHİR ,MUCUR,TRUE,1
KOCAELİ,BAŞİSKELE,KOCAELI,BASISKELE,12,2058,1,,,FALSE,0
KOCAELİ,ÇAYIROVA,KOCAELI,CAYIROVA,12,2059,1,,,FALSE,0
KOCAELİ,DARICA,KOCAELI,DARICA,12,2060,1,,,FALSE,0
KOCAELİ,DERİNCE,KOCAELI,DERINCE,12,2030,1,KOCAELİ ,DERİNCE,TRUE,1
KOCAELİ,DİLOVASI,KOCAELI,DILOVASI,12,2061,1,,,FALSE,0
KOCAELİ,GEBZE,KOCAELI,GEBZE,12,1338,1,KOCAELİ ,GEBZE,TRUE,1
KOCAELİ,GÖLCÜK,KOCAELI,GOLCUK,12,1355,1,KOCAELİ ,GÖLCÜK,TRUE,1
KOCAELİ,İZMİT,KOCAELI,IZMIT,12,2062,1,,,FALSE,0
KOCAELİ,KANDIRA,KOCAELI,KANDIRA,12,1430,1,KOCAELİ ,KANDIRA,TRUE,1
KOCAELİ,KARAMÜRSEL,KOCAELI,KARAMURSEL,12,1440,1,KOCAELİ ,KARAMÜRSEL,TRUE,1
KOCAELİ,KARTEPE,KOCAELI,KARTEPE,12,2063,1,,,FALSE,0
KOCAELİ,KÖRFEZ,KOCAELI,KORFEZ,12,1821,1,KOCAELİ ,KÖRFEZ,TRUE,1
KONYA,AHIRLI,KONYA,AHIRLI,31,1868,1,KONYA ,AHIRLI,TRUE,1
KONYA,AKÖREN,KONYA,AKOREN,31,1753,1,KONYA ,AKÖREN,TRUE,1
KONYA,AKŞEHİR,KONYA,AKSEHIR,31,1122,1,KONYA ,AKŞEHİR,TRUE,1
KONYA,ALTINEKİN,KONYA,ALTINEKIN,31,1760,1,KONYA ,ALTINEKİN,TRUE,1
KONYA,BEYŞEHİR,KONYA,BEYSEHIR,31,1188,1,KONYA ,BEYŞEHİR,TRUE,1
KONYA,BOZKIR,KONYA,BOZKIR,31,1207,1,KONYA ,BOZKIR,TRUE,1
KONYA,ÇELTİK,KONYA,CELTIK,31,1902,1,KONYA ,ÇELTİK,TRUE,1
KONYA,CİHANBEYLİ,KONYA,CIHANBEYLI,31,1222,1,KONYA ,CİHANBEYLİ,TRUE,1
KONYA,ÇUMRA,KONYA,CUMRA,31,1262,1,KONYA ,ÇUMRA,TRUE,1
KONYA,DERBENT,KONYA,DERBENT,31,1907,1,KONYA ,DERBENT,TRUE,1
KONYA,DEREBUCAK,KONYA,DEREBUCAK,31,1789,1,KONYA ,DEREBUCAK,TRUE,1
KONYA,DOĞANHİSAR,KONYA,DOGANHISAR,31,1285,1,KONYA ,DOĞANHİSAR,TRUE,1
KONYA,EMİRGAZİ,KONYA,EMIRGAZI,31,1920,1,KONYA ,EMİRGAZİ,TRUE,1
KONYA,EREĞLİ,KONYA,EREGLI,31,1312,1,KONYA ,EREĞLİ,TRUE,1
KONYA,GÜNEYSINIR,KONYA,GUNEYSINIR,31,1933,1,KONYA ,GÜNEYSINIR,TRUE,1
KONYA,HADİM,KONYA,HADIM,31,1375,1,KONYA ,HADİM,TRUE,1
KONYA,HALKAPINAR,KONYA,HALKAPINAR,31,1937,1,KONYA ,HALKAPINAR,TRUE,1
KONYA,HÜYÜK,KONYA,HUYUK,31,1804,1,KONYA ,HÜYÜK,TRUE,1
KONYA,ILGIN,KONYA,ILGIN,31,1400,1,KONYA ,ILGIN,TRUE,1
KONYA,KADINHANI,KONYA,KADINHANI,31,1422,1,KONYA ,KADINHANI,TRUE,1
KONYA,KARAPINAR,KONYA,KARAPINAR,31,1441,1,KONYA ,KARAPINAR,TRUE,1
KONYA,KARATAY,KONYA,KARATAY,31,1814,1,KONYA ,KARATAY,TRUE,1
KONYA,KULU,KONYA,KULU,31,1491,1,KONYA ,KULU,TRUE,1
KONYA,MERAM,KONYA,MERAM,31,1827,1,KONYA ,MERAM,TRUE,1
KONYA,SARAYÖNÜ,KONYA,SARAYONU,31,1598,1,KONYA ,SARAYÖNÜ,TRUE,1
KONYA,SELÇUKLU,KONYA,SELCUKLU,31,1839,1,KONYA ,SELÇUKLU,TRUE,1
KONYA,SEYDİŞEHİR,KONYA,SEYDISEHIR,31,1617,1,KONYA ,SEYDİŞEHİR,TRUE,1
KONYA,TAŞKENT,KONYA,TASKENT,31,1848,1,KONYA ,TAŞKENT,TRUE,1
KONYA,TUZLUKÇU,KONYA,TUZLUKCU,31,1990,1,KONYA ,TUZLUKÇU,TRUE,1
KONYA,YALIHÜYÜK,KONYA,YALIHUYUK,31,1994,1,KONYA ,YALIHÜYÜK,TRUE,1
KONYA,YUNAK,KONYA,YUNAK,31,1735,1,KONYA ,YUNAK,TRUE,1
KÜTAHYA,ALTINTAŞ,KUTAHYA,ALTINTAS,12,1132,1,KÜTAHYA ,ALTINTAŞ,TRUE,1
KÜTAHYA,ASLANAPA,KUTAHYA,ASLANAPA,12,1764,1,KÜTAHYA ,ASLANAPA,TRUE,1
KÜTAHYA,ÇAVDARHİSAR,KUTAHYA,CAVDARHISAR,12,1898,1,KÜTAHYA ,ÇAVDARHİSAR,TRUE,1
KÜTAHYA,DOMANİÇ,KUTAHYA,DOMANIC,12,1288,1,KÜTAHYA ,DOMANİÇ,TRUE,1
KÜTAHYA,DUMLUPINAR,KUTAHYA,DUMLUPINAR,12,1790,1,KÜTAHYA ,DUMLUPINAR,TRUE,1
KÜTAHYA,EMET,KUTAHYA,EMET,12,1304,1,KÜTAHYA ,EMET,TRUE,1
KÜTAHYA,GEDİZ,KUTAHYA,GEDIZ,12,1339,1,KÜTAHYA ,GEDİZ,TRUE,1
KÜTAHYA,HİSARCIK,KUTAHYA,HISARCIK,12,1802,1,KÜTAHYA ,HİSARCIK,TRUE,1
KÜTAHYA,MERKEZ,KUTAHYA,MERKEZ,,1500,0,KÜTAHYA ,MERKEZ,TRUE,1
KÜTAHYA,PAZARLAR,KUTAHYA,PAZARLAR,12,1979,1,KÜTAHYA ,PAZARLAR,TRUE,1
KÜTAHYA,ŞAPHANE,KUTAHYA,SAPHANE,12,1843,1,KÜTAHYA ,ŞAPHANE,TRUE,1
KÜTAHYA,SİMAV,KUTAHYA,SIMAV,12,1625,1,KÜTAHYA ,SİMAV,TRUE,1
KÜTAHYA,TAVŞANLI,KUTAHYA,TAVSANLI,12,1671,1,KÜTAHYA ,TAVŞANLI,TRUE,1
MALATYA,AKÇADAĞ,MALATYA,AKCADAG,13,1114,1,MALATYA ,AKÇADAĞ,TRUE,1
MALATYA,ARAPGİR,MALATYA,ARAPGIR,13,1143,1,MALATYA ,ARAPGİR,TRUE,1
MALATYA,ARGUVAN,MALATYA,ARGUVAN,13,1148,1,MALATYA ,ARGUVAN,TRUE,1
MALATYA,BATTALGAZİ,MALATYA,BATTALGAZI,13,1772,1,MALATYA ,BATTALGAZİ,TRUE,1
MALATYA,DARENDE,MALATYA,DARENDE,13,1265,1,MALATYA ,DARENDE,TRUE,1
MALATYA,DOĞANŞEHİR,MALATYA,DOGANSEHIR,13,1286,1,MALATYA ,DOĞANŞEHİR,TRUE,1
MALATYA,DOĞANYOL,MALATYA,DOGANYOL,13,1914,1,MALATYA ,DOĞANYOL,TRUE,1
MALATYA,HEKİMHAN,MALATYA,HEKIMHAN,13,1390,1,MALATYA ,HEKİMHAN,TRUE,1
MALATYA,KALE,MALATYA,KALE,13,1953,1,MALATYA ,KALE,TRUE,1
MALATYA,KULUNCAK,MALATYA,KULUNCAK,13,1969,1,MALATYA ,KULUNCAK,TRUE,1
MALATYA,PÜTÜRGE,MALATYA,PUTURGE,13,1582,1,MALATYA ,PÜTÜRGE,TRUE,1
MALATYA,YAZIHAN,MALATYA,YAZIHAN,13,1995,1,MALATYA ,YAZIHAN,TRUE,1
MALATYA,YEŞİLYURT,MALATYA,YESILYURT,13,1729,1,MALATYA ,YEŞİLYURT,TRUE,1
MANİSA,AHMETLİ,MANISA,AHMETLI,17,1751,1,MANİSA ,AHMETLİ,TRUE,1
MANİSA,AKHİSAR,MANISA,AKHISAR,17,1118,1,MANİSA ,AKHİSAR,TRUE,1
MANİSA,ALAŞEHİR,MANISA,ALASEHIR,17,1127,1,MANİSA ,ALAŞEHİR,TRUE,1
MANİSA,DEMİRCİ,MANISA,DEMIRCI,17,1269,1,MANİSA ,DEMİRCİ,TRUE,1
MANİSA,GÖLMARMARA,MANISA,GOLMARMARA,17,1793,1,MANİSA ,GÖLMARMARA,TRUE,1
MANİSA,GÖRDES,MANISA,GORDES,17,1362,1,MANİSA ,GÖRDES,TRUE,1
MANİSA,KIRKAĞAÇ,MANISA,KIRKAGAC,17,1470,1,MANİSA ,KIRKAĞAÇ,TRUE,1
MANİSA,KÖPRÜBAŞI,MANISA,KOPRUBASI,17,1965,1,MANİSA ,KÖPRÜBAŞI,TRUE,1
MANİSA,KULA,MANISA,KULA,17,1489,1,MANİSA ,KULA,TRUE,1
MANİSA,SALİHLİ,MANISA,SALIHLI,17,1590,1,MANİSA ,SALİHLİ,TRUE,1
MANİSA,SARIGÖL,MANISA,SARIGOL,17,1600,1,MANİSA ,SARIGÖL,TRUE,1
MANİSA,SARUHANLI,MANISA,SARUHANLI,17,1606,1,MANİSA ,SARUHANLI,TRUE,1
MANİSA,ŞEHZADELER,MANISA,SEHZADELER,17,2086,1,,,FALSE,0
MANİSA,SELENDİ,MANISA,SELENDI,17,1613,1,MANİSA ,SELENDİ,TRUE,1
MANİSA,SOMA,MANISA,SOMA,17,1634,1,MANİSA ,SOMA,TRUE,1
MANİSA,TURGUTLU,MANISA,TURGUTLU,17,1689,1,MANİSA ,TURGUTLU,TRUE,1
MANİSA,YUNUSEMRE,MANISA,YUNUSEMRE,17,2087,1,,,FALSE,0
MARDİN,ARTUKLU,MARDIN,ARTUKLU,10,2088,1,,,FALSE,0
MARDİN,DARGEÇİT,MARDIN,DARGECIT,10,1787,1,MARDİN ,DARGEÇİT,TRUE,1
MARDİN,DERİK,MARDIN,DERIK,10,1273,1,MARDİN ,DERİK,TRUE,1
MARDİN,KIZILTEPE,MARDIN,KIZILTEPE,10,1474,1,MARDİN ,KIZILTEPE,TRUE,1
MARDİN,MAZIDAĞI,MARDIN,MAZIDAGI,10,1519,1,MARDİN ,MAZIDAĞI,TRUE,1
MARDİN,MİDYAT,MARDIN,MIDYAT,10,1526,1,MARDİN ,MİDYAT,TRUE,1
MARDİN,NUSAYBİN,MARDIN,NUSAYBIN,10,1547,1,MARDİN ,NUSAYBİN,TRUE,1
MARDİN,ÖMERLİ,MARDIN,OMERLI,10,1564,1,MARDİN ,ÖMERLİ,TRUE,1
MARDİN,SAVUR,MARDIN,SAVUR,10,1609,1,MARDİN ,SAVUR,TRUE,1
MARDİN,YEŞİLLİ,MARDIN,YESILLI,10,2002,1,MARDİN ,YEŞİLLİ,TRUE,1
MERSİN,AKDENİZ,MERSIN,AKDENIZ,13,2064,1,,,FALSE,0
MERSİN,ANAMUR,MERSIN,ANAMUR,13,1135,1,MERSİN ,ANAMUR,TRUE,1
MERSİN,AYDINCIK,MERSIN,AYDINCIK,13,1766,1,MERSİN ,AYDINCIK,TRUE,1
MERSİN,BOZYAZI,MERSIN,BOZYAZI,13,1779,1,MERSİN ,BOZYAZI,TRUE,1
MERSİN,ÇAMLIYAYLA,MERSIN,CAMLIYAYLA,13,1892,1,MERSİN ,ÇAMLIYAYLA,TRUE,1
MERSİN,ERDEMLİ,MERSIN,ERDEMLI,13,1311,1,MERSİN ,ERDEMLİ,TRUE,1
MERSİN,GÜLNAR,MERSIN,GULNAR,13,1366,1,MERSİN ,GÜLNAR,TRUE,1
MERSİN,MEZİTLİ,MERSIN,MEZITLI,13,2065,1,,,FALSE,0
MERSİN,MUT,MERSIN,MUT,13,1536,1,MERSİN ,MUT,TRUE,1
MERSİN,SİLİFKE,MERSIN,SILIFKE,13,1621,1,MERSİN ,SİLİFKE,TRUE,1
MERSİN,TARSUS,MERSIN,TARSUS,13,1665,1,MERSİN ,TARSUS,TRUE,1
MERSİN,TOROSLAR,MERSIN,TOROSLAR,13,2066,1,,,FALSE,0
MERSİN,YENİŞEHİR,MERSIN,YENISEHIR,13,2067,1,,,FALSE,0
MUĞLA,BODRUM,MUGLA,BODRUM,13,1197,1,MUGLA ,BODRUM,TRUE,1
MUĞLA,DALAMAN,MUGLA,DALAMAN,13,1742,1,MUGLA ,DALAMAN,TRUE,1
MUĞLA,DATÇA,MUGLA,DATCA,13,1266,1,MUGLA ,DATÇA,TRUE,1
MUĞLA,FETHİYE,MUGLA,FETHIYE,13,1331,1,MUGLA ,FETHİYE,TRUE,1
MUĞLA,KAVAKLIDERE,MUGLA,KAVAKLIDERE,13,1958,1,MUGLA ,KAVAKLIDERE,TRUE,1
MUĞLA,KÖYCEĞİZ,MUGLA,KOYCEGIZ,13,1488,1,MUGLA ,KÖYCEĞİZ,TRUE,1
MUĞLA,MARMARİS,MUGLA,MARMARIS,13,1517,1,MUGLA ,MARMARİS,TRUE,1
MUĞLA,MENTEŞE,MUGLA,MENTESE,13,2089,1,,,FALSE,0
MUĞLA,MİLAS,MUGLA,MILAS,13,1528,1,MUGLA ,MİLAS,TRUE,1
MUĞLA,ORTACA,MUGLA,ORTACA,13,1831,1,MUGLA ,ORTACA,TRUE,1
MUĞLA,SEYDİKEMER,MUGLA,SEYDIKEMER,13,2090,1,,,FALSE,0
MUĞLA,ULA,MUGLA,ULA,13,1695,1,MUGLA ,ULA,TRUE,1
MUĞLA,YATAĞAN,MUGLA,YATAGAN,13,1719,1,MUGLA ,YATAĞAN,TRUE,1
MUŞ,BULANIK,MUS,BULANIK,5,1213,1,MUS ,BULANIK,TRUE,1
MUŞ,HASKÖY,MUS,HASKOY,5,1801,1,MUS ,HASKÖY,TRUE,1
MUŞ,KORKUT,MUS,KORKUT,5,1964,1,MUS ,KORKUT,TRUE,1
MUŞ,MALAZGİRT,MUS,MALAZGIRT,5,1510,1,MUS ,MALAZGİRT,TRUE,1
MUŞ,MERKEZ,MUS,MERKEZ,,1534,0,MUS ,MERKEZ,TRUE,1
MUŞ,VARTO,MUS,VARTO,5,1711,1,MUS ,VARTO,TRUE,1
NEVŞEHİR,ACIGÖL,NEVSEHIR,ACIGOL,7,1749,1,NEVSEHİR ,ACIGÖL,TRUE,1
NEVŞEHİR,AVANOS,NEVSEHIR,AVANOS,7,1155,1,NEVSEHİR ,AVANOS,TRUE,1
NEVŞEHİR,DERİNKUYU,NEVSEHIR,DERINKUYU,7,1274,1,NEVSEHİR ,DERİNKUYU,TRUE,1
NEVŞEHİR,GÜLŞEHİR,NEVSEHIR,GULSEHIR,7,1367,1,NEVSEHİR ,GÜLŞEHİR,TRUE,1
NEVŞEHİR,HACIBEKTAŞ,NEVSEHIR,HACIBEKTAS,7,1374,1,NEVSEHİR ,HACIBEKTAŞ,TRUE,1
NEVŞEHİR,KOZAKLI,NEVSEHIR,KOZAKLI,7,1485,1,NEVSEHİR ,KOZAKLI,TRUE,1
NEVŞEHİR,MERKEZ,NEVSEHIR,MERKEZ,,1543,0,NEVSEHİR ,MERKEZ,TRUE,1
NEVŞEHİR,ÜRGÜP,NEVSEHIR,URGUP,7,1707,1,NEVSEHİR ,ÜRGÜP,TRUE,1
NİĞDE,ALTUNHİSAR,NIGDE,ALTUNHISAR,5,1876,1,NİGDE ,ALTUNHİSAR,TRUE,1
NİĞDE,BOR,NIGDE,BOR,5,1201,1,NİGDE ,BOR,TRUE,1
NİĞDE,ÇAMARDI,NIGDE,CAMARDI,5,1225,1,NİGDE ,ÇAMARDI,TRUE,1
NİĞDE,ÇİFTLİK,NIGDE,CIFTLIK,5,1904,1,NİGDE ,ÇİFTLİK,TRUE,1
NİĞDE,MERKEZ,NIGDE,MERKEZ,,1544,0,NİGDE ,MERKEZ,TRUE,1
NİĞDE,ULUKIŞLA,NIGDE,ULUKISLA,5,1700,1,NİGDE ,ULUKIŞLA,TRUE,1
ORDU,AKKUŞ,ORDU,AKKUS,19,1119,1,ORDU ,AKKUŞ,TRUE,1
ORDU,ALTINORDU,ORDU,ALTINORDU,19,2103,1,,,FALSE,0
ORDU,AYBASTI,ORDU,AYBASTI,19,1158,1,ORDU ,AYBASTI,TRUE,1
ORDU,ÇAMAŞ,ORDU,CAMAS,19,1891,1,ORDU ,ÇAMAŞ,TRUE,1
ORDU,ÇATALPINAR,ORDU,CATALPINAR,19,1897,1,,,FALSE,0
ORDU,ÇAYBAŞI,ORDU,CAYBASI,19,1900,1,ORDU ,ÇAYBAŞI,TRUE,1
ORDU,FATSA,ORDU,FATSA,19,1328,1,ORDU ,FATSA,TRUE,1
ORDU,GÖLKÖY,ORDU,GOLKOY,19,1358,1,ORDU ,GÖLKÖY,TRUE,1
ORDU,GÜLYALI,ORDU,GULYALI,19,1795,1,ORDU ,GÜLYALI,TRUE,1
ORDU,GÜRGENTEPE,ORDU,GURGENTEPE,19,1797,1,ORDU ,GÜRGENTEPE,TRUE,1
ORDU,İKİZCE,ORDU,IKIZCE,19,1947,1,ORDU ,İKİZCE,TRUE,1
ORDU,KABADÜZ,ORDU,KABADUZ,19,1950,1,ORDU ,KABADÜZ,TRUE,1
ORDU,KABATAŞ,ORDU,KABATAS,19,1951,1,ORDU ,KABATAŞ,TRUE,1
ORDU,KORGAN,ORDU,KORGAN,19,1482,1,ORDU ,KORGAN,TRUE,1
ORDU,KUMRU,ORDU,KUMRU,19,1493,1,ORDU ,KUMRU,TRUE,1
ORDU,MESUDİYE,ORDU,MESUDIYE,19,1525,1,ORDU ,MESUDİYE,TRUE,1
ORDU,PERŞEMBE,ORDU,PERSEMBE,19,1573,1,ORDU ,PERŞEMBE,TRUE,1
ORDU,ULUBEY,ORDU,ULUBEY,19,1696,1,ORDU ,ULUBEY,TRUE,1
ORDU,ÜNYE,ORDU,UNYE,19,1706,1,ORDU ,ÜNYE,TRUE,1
OSMANİYE,BAHÇE,OSMANIYE,BAHCE,6,1165,1,OSMANİYE ,BAHÇE,TRUE,1
OSMANİYE,DÜZİÇİ,OSMANIYE,DUZICI,6,1743,1,OSMANİYE ,DÜZİÇİ,TRUE,1
OSMANİYE,HASANBEYLİ,OSMANIYE,HASANBEYLI,6,2027,1,OSMANİYE ,HASANBEYLİ,TRUE,1
OSMANİYE,KADİRLİ,OSMANIYE,KADIRLI,6,1423,1,OSMANİYE ,KADİRLİ,TRUE,1
OSMANİYE,MERKEZ,OSMANIYE,MERKEZ,,1560,0,OSMANİYE ,MERKEZ,TRUE,1
OSMANİYE,SUMBAS,OSMANIYE,SUMBAS,6,2028,1,OSMANİYE ,SUMBAS,TRUE,1
OSMANİYE,TOPRAKKALE,OSMANIYE,TOPRAKKALE,6,2029,1,OSMANİYE ,TOPRAKKALE,TRUE,1
RİZE,ARDEŞEN,RIZE,ARDESEN,11,1146,1,RİZE ,ARDEŞEN,TRUE,1
RİZE,ÇAMLIHEMŞİN,RIZE,CAMLIHEMSIN,11,1228,1,RİZE ,ÇAMLIHEMŞİN,TRUE,1
RİZE,ÇAYELİ,RIZE,CAYELI,11,1241,1,RİZE ,ÇAYELİ,TRUE,1
RİZE,DEREPAZARI,RIZE,DEREPAZARI,11,1908,1,RİZE ,DEREPAZARI,TRUE,1
RİZE,FINDIKLI,RIZE,FINDIKLI,11,1332,1,RİZE ,FINDIKLI,TRUE,1
RİZE,GÜNEYSU,RIZE,GUNEYSU,11,1796,1,RİZE ,GÜNEYSU,TRUE,1
RİZE,HEMŞİN,RIZE,HEMSIN,11,1943,1,RİZE ,HEMŞİN,TRUE,1
RİZE,İKİZDERE,RIZE,IKIZDERE,11,1405,1,RİZE ,İKİZDERE,TRUE,1
RİZE,İYİDERE,RIZE,IYIDERE,11,1949,1,RİZE ,İYİDERE,TRUE,1
RİZE,KALKANDERE,RIZE,KALKANDERE,11,1428,1,RİZE ,KALKANDERE,TRUE,1
RİZE,MERKEZ,RIZE,MERKEZ,,1586,0,RİZE ,MERKEZ,TRUE,1
RİZE,PAZAR,RIZE,PAZAR,11,1569,1,RİZE ,PAZAR,TRUE,1
SAKARYA,ADAPAZARI,SAKARYA,ADAPAZARI,16,2068,1,,,FALSE,0
SAKARYA,AKYAZI,SAKARYA,AKYAZI,16,1123,1,SAKARYA ,AKYAZI,TRUE,1
SAKARYA,ARİFİYE,SAKARYA,ARIFIYE,16,2069,1,,,FALSE,0
SAKARYA,ERENLER,SAKARYA,ERENLER,16,2070,1,,,FALSE,0
SAKARYA,FERİZLİ,SAKARYA,FERIZLI,16,1925,1,SAKARYA ,FERİZLİ,TRUE,1
SAKARYA,GEYVE,SAKARYA,GEYVE,16,1351,1,SAKARYA ,GEYVE,TRUE,1
SAKARYA,HENDEK,SAKARYA,HENDEK,16,1391,1,SAKARYA ,HENDEK,TRUE,1
SAKARYA,KARAPÜRÇEK,SAKARYA,KARAPURCEK,16,1955,1,SAKARYA ,KARAPÜRÇEK,TRUE,1
SAKARYA,KARASU,SAKARYA,KARASU,16,1442,1,SAKARYA ,KARASU,TRUE,1
SAKARYA,KAYNARCA,SAKARYA,KAYNARCA,16,1453,1,SAKARYA ,KAYNARCA,TRUE,1
SAKARYA,KOCAALİ,SAKARYA,KOCAALI,16,1818,1,SAKARYA ,KOCAALİ,TRUE,1
SAKARYA,PAMUKOVA,SAKARYA,PAMUKOVA,16,1833,1,SAKARYA ,PAMUKOVA,TRUE,1
SAKARYA,SAPANCA,SAKARYA,SAPANCA,16,1595,1,SAKARYA ,SAPANCA,TRUE,1
SAKARYA,SERDİVAN,SAKARYA,SERDIVAN,16,2071,1,,,FALSE,0
SAKARYA,SÖĞÜTLÜ,SAKARYA,SOGUTLU,16,1986,1,SAKARYA ,SÖĞÜTLÜ,TRUE,1
SAKARYA,TARAKLI,SAKARYA,TARAKLI,16,1847,1,SAKARYA ,TARAKLI,TRUE,1
SAMSUN,19 MAYIS,SAMSUN,19 MAYIS,17,1830,1,SAMSUN ,19 MAYIS,TRUE,1
SAMSUN,ALAÇAM,SAMSUN,ALACAM,17,1125,1,SAMSUN ,ALAÇAM,TRUE,1
SAMSUN,ASARCIK,SAMSUN,ASARCIK,17,1763,1,SAMSUN ,ASARCIK,TRUE,1
SAMSUN,ATAKUM,SAMSUN,ATAKUM,17,2072,1,,,FALSE,0
SAMSUN,AYVACIK,SAMSUN,AYVACIK,17,1879,1,SAMSUN ,AYVACIK,TRUE,1
SAMSUN,BAFRA,SAMSUN,BAFRA,17,1164,1,SAMSUN ,BAFRA,TRUE,1
SAMSUN,CANİK,SAMSUN,CANIK,17,2073,1,,,FALSE,0
SAMSUN,ÇARŞAMBA,SAMSUN,CARSAMBA,17,1234,1,SAMSUN ,ÇARŞAMBA,TRUE,1
SAMSUN,HAVZA,SAMSUN,HAVZA,17,1386,1,SAMSUN ,HAVZA,TRUE,1
SAMSUN,İLKADIM,SAMSUN,ILKADIM,17,2074,1,,,FALSE,0
SAMSUN,KAVAK,SAMSUN,KAVAK,17,1452,1,SAMSUN ,KAVAK,TRUE,1
SAMSUN,LADİK,SAMSUN,LADIK,17,1501,1,SAMSUN ,LADİK,TRUE,1
SAMSUN,SALIPAZARI,SAMSUN,SALIPAZARI,17,1838,1,SAMSUN ,SALIPAZARI,TRUE,1
SAMSUN,TEKKEKÖY,SAMSUN,TEKKEKOY,17,1849,1,SAMSUN ,TEKKEKÖY,TRUE,1
SAMSUN,TERME,SAMSUN,TERME,17,1676,1,SAMSUN ,TERME,TRUE,1
SAMSUN,VEZİRKÖPRÜ,SAMSUN,VEZIRKOPRU,17,1712,1,SAMSUN ,VEZİRKÖPRÜ,TRUE,1
SAMSUN,YAKAKENT,SAMSUN,YAKAKENT,17,1993,1,SAMSUN ,YAKAKENT,TRUE,1
ŞANLIURFA,AKÇAKALE,SANLIURFA,AKCAKALE,13,1115,1,SANLİURFA ,AKÇAKALE,TRUE,1
ŞANLIURFA,BİRECİK,SANLIURFA,BIRECIK,13,1194,1,SANLİURFA ,BİRECİK,TRUE,1
ŞANLIURFA,BOZOVA,SANLIURFA,BOZOVA,13,1209,1,SANLİURFA ,BOZOVA,TRUE,1
ŞANLIURFA,CEYLANPINAR,SANLIURFA,CEYLANPINAR,13,1220,1,SANLİURFA ,CEYLANPINAR,TRUE,1
ŞANLIURFA,EYYÜBİYE,SANLIURFA,EYYUBIYE,13,2091,1,,,FALSE,0
ŞANLIURFA,HALFETİ,SANLIURFA,HALFETI,13,1378,1,SANLİURFA ,HALFETİ,TRUE,1
ŞANLIURFA,HALİLİYE,SANLIURFA,HALILIYE,13,2092,1,,,FALSE,0
ŞANLIURFA,HARRAN,SANLIURFA,HARRAN,13,1800,1,SANLİURFA ,HARRAN,TRUE,1
ŞANLIURFA,HİLVAN,SANLIURFA,HILVAN,13,1393,1,SANLİURFA ,HİLVAN,TRUE,1
ŞANLIURFA,KARAKÖPRÜ,SANLIURFA,KARAKOPRU,13,2093,1,,,FALSE,0
ŞANLIURFA,SİVEREK,SANLIURFA,SIVEREK,13,1630,1,SANLİURFA ,SİVEREK,TRUE,1
ŞANLIURFA,SURUÇ,SANLIURFA,SURUC,13,1643,1,SANLİURFA ,SURUÇ,TRUE,1
ŞANLIURFA,VİRANŞEHİR,SANLIURFA,VIRANSEHIR,13,1713,1,SANLİURFA ,VİRANŞEHİR,TRUE,1
SİİRT,BAYKAN,SIIRT,BAYKAN,6,1179,1,SİİRT ,BAYKAN,TRUE,1
SİİRT,ERUH,SIIRT,ERUH,6,1317,1,SİİRT ,ERUH,TRUE,1
SİİRT,KURTALAN,SIIRT,KURTALAN,6,1495,1,SİİRT ,KURTALAN,TRUE,1
SİİRT,MERKEZ,SIIRT,MERKEZ,,1620,0,SİİRT ,MERKEZ,TRUE,1
SİİRT,PERVARİ,SIIRT,PERVARI,6,1575,1,SİİRT ,PERVARİ,TRUE,1
SİİRT,ŞİRVAN,SIIRT,SIRVAN,6,1662,1,SİİRT ,ŞİRVAN,TRUE,1
SİİRT,TİLLO,SIIRT,TILLO,6,1878,1,,,FALSE,0
SİNOP,AYANCIK,SINOP,AYANCIK,8,1156,1,SİNOP ,AYANCIK,TRUE,1
SİNOP,BOYABAT,SINOP,BOYABAT,8,1204,1,SİNOP ,BOYABAT,TRUE,1
SİNOP,DİKMEN,SINOP,DIKMEN,8,1910,1,SİNOP ,DİKMEN,TRUE,1
SİNOP,DURAĞAN,SINOP,DURAGAN,8,1290,1,SİNOP ,DURAĞAN,TRUE,1
SİNOP,ERFELEK,SINOP,ERFELEK,8,1314,1,SİNOP ,ERFELEK,TRUE,1
SİNOP,GERZE,SINOP,GERZE,8,1349,1,SİNOP ,GERZE,TRUE,1
SİNOP,MERKEZ,SINOP,MERKEZ,,1627,0,SİNOP ,MERKEZ,TRUE,1
SİNOP,SARAYDÜZÜ,SINOP,SARAYDUZU,8,1981,1,SİNOP ,SARAYDÜZÜ,TRUE,1
SİNOP,TÜRKELİ,SINOP,TURKELI,8,1693,1,SİNOP ,TÜRKELİ,TRUE,1
ŞIRNAK,BEYTÜŞŞEBAP,SIRNAK,BEYTUSSEBAP,6,1189,1,SİRNAK ,BEYTÜŞŞEBAP,TRUE,1
ŞIRNAK,CİZRE,SIRNAK,CIZRE,6,1223,1,SİRNAK ,CİZRE,TRUE,1
ŞIRNAK,GÜÇLÜKONAK,SIRNAK,GUCLUKONAK,6,1931,1,SİRNAK ,GÜÇLÜKONAK,TRUE,1
ŞIRNAK,İDİL,SIRNAK,IDIL,6,1403,1,SİRNAK ,İDİL,TRUE,1
ŞIRNAK,MERKEZ,SIRNAK,MERKEZ,,1661,0,SİRNAK ,MERKEZ,TRUE,1
ŞIRNAK,SİLOPİ,SIRNAK,SILOPI,6,1623,1,SİRNAK ,SİLOPİ,TRUE,1
ŞIRNAK,ULUDERE,SIRNAK,ULUDERE,6,1698,1,SİRNAK ,ULUDERE,TRUE,1
SİVAS,AKINCILAR,SIVAS,AKINCILAR,16,1870,1,SİVAS ,AKINCILAR,TRUE,1
SİVAS,ALTINYAYLA,SIVAS,ALTINYAYLA,16,1875,1,SİVAS ,ALTINYAYLA,TRUE,1
SİVAS,DİVRİĞİ,SIVAS,DIVRIGI,16,1282,1,SİVAS ,DİVRİĞİ,TRUE,1
SİVAS,DOĞANŞAR,SIVAS,DOGANSAR,16,1913,1,SİVAS ,DOĞANŞAR,TRUE,1
SİVAS,GEMEREK,SIVAS,GEMEREK,16,1342,1,SİVAS ,GEMEREK,TRUE,1
SİVAS,GÖLOVA,SIVAS,GOLOVA,16,1927,1,SİVAS ,GÖLOVA,TRUE,1
SİVAS,GÜRÜN,SIVAS,GURUN,16,1373,1,SİVAS ,GÜRÜN,TRUE,1
SİVAS,HAFİK,SIVAS,HAFIK,16,1376,1,SİVAS ,HAFİK,TRUE,1
SİVAS,İMRANLI,SIVAS,IMRANLI,16,1407,1,SİVAS ,İMRANLI,TRUE,1
SİVAS,KANGAL,SIVAS,KANGAL,16,1431,1,SİVAS ,KANGAL,TRUE,1
SİVAS,KOYULHİSAR,SIVAS,KOYULHISAR,16,1484,1,SİVAS ,KOYULHİSAR,TRUE,1
SİVAS,MERKEZ,SIVAS,MERKEZ,,1628,0,SİVAS ,MERKEZ,TRUE,1
SİVAS,ŞARKIŞLA,SIVAS,SARKISLA,16,1650,1,SİVAS ,ŞARKIŞLA,TRUE,1
SİVAS,SUŞEHRİ,SIVAS,SUSEHRI,16,1646,1,SİVAS ,SUŞEHRİ,TRUE,1
SİVAS,ULAŞ,SIVAS,ULAS,16,1991,1,SİVAS ,ULAŞ,TRUE,1
SİVAS,YILDIZELİ,SIVAS,YILDIZELI,16,1731,1,SİVAS ,YILDIZELİ,TRUE,1
SİVAS,ZARA,SIVAS,ZARA,16,1738,1,SİVAS ,ZARA,TRUE,1
TEKİRDAĞ,ÇERKEZKÖY,TEKIRDAG,CERKEZKOY,11,1250,1,TEKİRDAG ,ÇERKEZKÖY,TRUE,1
TEKİRDAĞ,ÇORLU,TEKIRDAG,CORLU,11,1258,1,TEKİRDAG ,ÇORLU,TRUE,1
TEKİRDAĞ,ERGENE,TEKIRDAG,ERGENE,11,2094,1,,,FALSE,0
TEKİRDAĞ,HAYRABOLU,TEKIRDAG,HAYRABOLU,11,1388,1,TEKİRDAG ,HAYRABOLU,TRUE,1
TEKİRDAĞ,KAPAKLI,TEKIRDAG,KAPAKLI,11,2095,1,,,FALSE,0
TEKİRDAĞ,MALKARA,TEKIRDAG,MALKARA,11,1511,1,TEKİRDAG ,MALKARA,TRUE,1
TEKİRDAĞ,MARMARAEREĞLİSİ,TEKIRDAG,MARMARAEREGLISI,11,1825,1,TEKİRDAG ,MARMARAEREĞLİSİ,TRUE,1
TEKİRDAĞ,MURATLI,TEKIRDAG,MURATLI,11,1538,1,TEKİRDAG ,MURATLI,TRUE,1
TEKİRDAĞ,SARAY,TEKIRDAG,SARAY,11,1596,1,TEKİRDAG ,SARAY,TRUE,1
TEKİRDAĞ,ŞARKÖY,TEKIRDAG,SARKOY,11,1652,1,TEKİRDAG ,ŞARKÖY,TRUE,1
TEKİRDAĞ,SÜLEYMANPAŞA,TEKIRDAG,SULEYMANPASA,11,2096,1,,,FALSE,0
TOKAT,ALMUS,TOKAT,ALMUS,11,1129,1,TOKAT ,ALMUS,TRUE,1
TOKAT,ARTOVA,TOKAT,ARTOVA,11,1151,1,TOKAT ,ARTOVA,TRUE,1
TOKAT,BAŞÇİFTLİK,TOKAT,BASCIFTLIK,11,1883,1,TOKAT ,BAŞÇİFTLİK,TRUE,1
TOKAT,ERBAA,TOKAT,ERBAA,11,1308,1,TOKAT ,ERBAA,TRUE,1
TOKAT,MERKEZ,TOKAT,MERKEZ,,1679,0,TOKAT ,MERKEZ,TRUE,1
TOKAT,NİKSAR,TOKAT,NIKSAR,11,1545,1,TOKAT ,NİKSAR,TRUE,1
TOKAT,PAZAR,TOKAT,PAZAR,11,1834,1,TOKAT ,PAZAR,TRUE,1
TOKAT,REŞADİYE,TOKAT,RESADIYE,11,1584,1,TOKAT ,REŞADİYE,TRUE,1
TOKAT,SULUSARAY,TOKAT,SULUSARAY,11,1987,1,TOKAT ,SULUSARAY,TRUE,1
TOKAT,TURHAL,TOKAT,TURHAL,11,1690,1,TOKAT ,TURHAL,TRUE,1
TOKAT,YEŞİLYURT,TOKAT,YESILYURT,11,1858,1,TOKAT ,YEŞİLYURT,TRUE,1
TOKAT,ZİLE,TOKAT,ZILE,11,1740,1,TOKAT ,ZİLE,TRUE,1
TRABZON,AKÇAABAT,TRABZON,AKCAABAT,18,1113,1,TRABZON ,AKÇAABAT,TRUE,1
TRABZON,ARAKLI,TRABZON,ARAKLI,18,1141,1,TRABZON ,ARAKLI,TRUE,1
TRABZON,ARSİN,TRABZON,ARSIN,18,1150,1,TRABZON ,ARSİN,TRUE,1
TRABZON,BEŞİKDÜZÜ,TRABZON,BESIKDUZU,18,1775,1,TRABZON ,BEŞİKDÜZÜ,TRUE,1
TRABZON,ÇARŞIBAŞI,TRABZON,CARSIBASI,18,1896,1,TRABZON ,ÇARŞIBAŞI,TRUE,1
TRABZON,ÇAYKARA,TRABZON,CAYKARA,18,1244,1,TRABZON ,ÇAYKARA,TRUE,1
TRABZON,DERNEKPAZARI,TRABZON,DERNEKPAZARI,18,1909,1,TRABZON ,DERNEKPAZARI,TRUE,1
TRABZON,DÜZKÖY,TRABZON,DUZKOY,18,1917,1,TRABZON ,DÜZKÖY,TRUE,1
TRABZON,HAYRAT,TRABZON,HAYRAT,18,1942,1,TRABZON ,HAYRAT,TRUE,1
TRABZON,KÖPRÜBAŞI,TRABZON,KOPRUBASI,18,1966,1,TRABZON ,KÖPRÜBAŞI,TRUE,1
TRABZON,MAÇKA,TRABZON,MACKA,18,1507,1,TRABZON ,MAÇKA,TRUE,1
TRABZON,OF,TRABZON,OF,18,1548,1,TRABZON ,OF,TRUE,1
TRABZON,ORTAHİSAR,TRABZON,ORTAHISAR,18,2097,1,,,FALSE,0
TRABZON,ŞALPAZARI,TRABZON,SALPAZARI,18,1842,1,TRABZON ,ŞALPAZARI,TRUE,1
TRABZON,SÜRMENE,TRABZON,SURMENE,18,1647,1,TRABZON ,SÜRMENE,TRUE,1
TRABZON,TONYA,TRABZON,TONYA,18,1681,1,TRABZON ,TONYA,TRUE,1
TRABZON,VAKFIKEBİR,TRABZON,VAKFIKEBIR,18,1709,1,TRABZON ,VAKFIKEBİR,TRUE,1
TRABZON,YOMRA,TRABZON,YOMRA,18,1732,1,TRABZON ,YOMRA,TRUE,1
TUNCELİ,ÇEMİŞGEZEK,TUNCELI,CEMISGEZEK,7,1247,1,TUNCELİ ,ÇEMİŞGEZEK,TRUE,1
TUNCELİ,HOZAT,TUNCELI,HOZAT,7,1397,1,TUNCELİ ,HOZAT,TRUE,1
TUNCELİ,MAZGİRT,TUNCELI,MAZGIRT,7,1518,1,TUNCELİ ,MAZGİRT,TRUE,1
TUNCELİ,MERKEZ,TUNCELI,MERKEZ,,1688,0,TUNCELİ ,MERKEZ,TRUE,1
TUNCELİ,NAZIMİYE,TUNCELI,NAZIMIYE,7,1541,1,TUNCELİ ,NAZIMİYE,TRUE,1
TUNCELİ,OVACIK,TUNCELI,OVACIK,7,1562,1,TUNCELİ ,OVACIK,TRUE,1
TUNCELİ,PERTEK,TUNCELI,PERTEK,7,1574,1,TUNCELİ ,PERTEK,TRUE,1
TUNCELİ,PÜLÜMÜR,TUNCELI,PULUMUR,7,1581,1,TUNCELİ ,PÜLÜMÜR,TRUE,1
UŞAK,BANAZ,USAK,BANAZ,5,1170,1,USAK ,BANAZ,TRUE,1
UŞAK,EŞME,USAK,ESME,5,1323,1,USAK ,EŞME,TRUE,1
UŞAK,KARAHALLI,USAK,KARAHALLI,5,1436,1,USAK ,KARAHALLI,TRUE,1
UŞAK,MERKEZ,USAK,MERKEZ,,1704,0,USAK ,MERKEZ,TRUE,1
UŞAK,SİVASLI,USAK,SIVASLI,5,1629,1,USAK ,SİVASLI,TRUE,1
UŞAK,ULUBEY,USAK,ULUBEY,5,1697,1,USAK ,ULUBEY,TRUE,1
VAN,BAHÇESARAY,VAN,BAHCESARAY,13,1770,1,VAN ,BAHÇESARAY,TRUE,1
VAN,BAŞKALE,VAN,BASKALE,13,1175,1,VAN ,BAŞKALE,TRUE,1
VAN,ÇALDIRAN,VAN,CALDIRAN,13,1786,1,VAN ,ÇALDIRAN,TRUE,1
VAN,ÇATAK,VAN,CATAK,13,1236,1,VAN ,ÇATAK,TRUE,1
VAN,EDREMİT,VAN,EDREMIT,13,1918,1,VAN ,EDREMİT,TRUE,1
VAN,ERCİŞ,VAN,ERCIS,13,1309,1,VAN ,ERCİŞ,TRUE,1
VAN,GEVAŞ,VAN,GEVAS,13,1350,1,VAN ,GEVAŞ,TRUE,1
VAN,GÜRPINAR,VAN,GURPINAR,13,1372,1,VAN ,GÜRPINAR,TRUE,1
VAN,İPEKYOLU,VAN,IPEKYOLU,13,2098,1,,,FALSE,0
VAN,MURADİYE,VAN,MURADIYE,13,1533,1,VAN ,MURADİYE,TRUE,1
VAN,ÖZALP,VAN,OZALP,13,1565,1,VAN ,ÖZALP,TRUE,1
VAN,SARAY,VAN,SARAY,13,1980,1,VAN ,SARAY,TRUE,1
VAN,TUŞBA,VAN,TUSBA,13,2099,1,,,FALSE,0
YALOVA,ALTINOVA,YALOVA,ALTINOVA,5,2019,1,YALOVA ,ALTINOVA,TRUE,1
YALOVA,ARMUTLU,YALOVA,ARMUTLU,5,2020,1,YALOVA ,ARMUTLU,TRUE,1
YALOVA,ÇİFTLİKKÖY,YALOVA,CIFTLIKKOY,5,2022,1,YALOVA ,ÇİFTLİKKÖY,TRUE,1
YALOVA,ÇINARCIK,YALOVA,CINARCIK,5,2021,1,YALOVA ,ÇINARCIK,TRUE,1
YALOVA,MERKEZ,YALOVA,MERKEZ,,1716,0,YALOVA ,MERKEZ,TRUE,1
YALOVA,TERMAL,YALOVA,TERMAL,5,2026,1,YALOVA ,TERMAL,TRUE,1
YOZGAT,AKDAĞMADENİ,YOZGAT,AKDAGMADENI,13,1117,1,YOZGAT ,AKDAĞMADENİ,TRUE,1
YOZGAT,AYDINCIK,YOZGAT,AYDINCIK,13,1877,1,YOZGAT ,AYDINCIK,TRUE,1
YOZGAT,BOĞAZLIYAN,YOZGAT,BOGAZLIYAN,13,1198,1,YOZGAT ,BOĞAZLIYAN,TRUE,1
YOZGAT,ÇANDIR,YOZGAT,CANDIR,13,1895,1,YOZGAT ,ÇANDIR,TRUE,1
YOZGAT,ÇAYIRALAN,YOZGAT,CAYIRALAN,13,1242,1,YOZGAT ,ÇAYIRALAN,TRUE,1
YOZGAT,ÇEKEREK,YOZGAT,CEKEREK,13,1245,1,YOZGAT ,ÇEKEREK,TRUE,1
YOZGAT,KADIŞEHRİ,YOZGAT,KADISEHRI,13,1952,1,YOZGAT ,KADIŞEHRİ,TRUE,1
YOZGAT,MERKEZ,YOZGAT,MERKEZ,,1733,0,YOZGAT ,MERKEZ,TRUE,1
YOZGAT,SARAYKENT,YOZGAT,SARAYKENT,13,1982,1,YOZGAT ,SARAYKENT,TRUE,1
YOZGAT,SARIKAYA,YOZGAT,SARIKAYA,13,1602,1,YOZGAT ,SARIKAYA,TRUE,1
YOZGAT,ŞEFAATLİ,YOZGAT,SEFAATLI,13,1655,1,YOZGAT ,ŞEFAATLİ,TRUE,1
YOZGAT,SORGUN,YOZGAT,SORGUN,13,1635,1,YOZGAT ,SORGUN,TRUE,1
YOZGAT,YENİFAKILI,YOZGAT,YENIFAKILI,13,1998,1,YOZGAT ,YENİFAKILI,TRUE,1
YOZGAT,YERKÖY,YOZGAT,YERKOY,13,1726,1,YOZGAT ,YERKÖY,TRUE,1
ZONGULDAK,ALAPLI,ZONGULDAK,ALAPLI,7,1758,1,ZİNGULDAK ,ALAPLI,TRUE,1
ZONGULDAK,ÇAYCUMA,ZONGULDAK,CAYCUMA,7,1240,1,ZİNGULDAK ,ÇAYCUMA,TRUE,1
ZONGULDAK,DEVREK,ZONGULDAK,DEVREK,7,1276,1,ZİNGULDAK ,DEVREK,TRUE,1
ZONGULDAK,EREĞLİ,ZONGULDAK,EREGLI,7,1313,1,ZİNGULDAK ,EREĞLİ,TRUE,1
ZONGULDAK,GÖKÇEBEY,ZONGULDAK,GOKCEBEY,7,1926,1,ZİNGULDAK ,GÖKÇEBEY,TRUE,1
ZONGULDAK,KİLİMLİ,ZONGULDAK,KILIMLI,7,2100,1,,,FALSE,0
ZONGULDAK,KOZLU,ZONGULDAK,KOZLU,7,2101,1,,,FALSE,0
ZONGULDAK,MERKEZ,ZONGULDAK,MERKEZ,,1741,0,ZİNGULDAK ,MERKEZ,TRUE,1
,,,,,,,VAN ,MERKEZ,FALSE,0
,,,,,,,TRABZON ,MERKEZ,FALSE,0
,,,,,,,TEKİRDAG ,MERKEZ,FALSE,0
,,,,,,,SANLİURFA ,MERKEZ,FALSE,0
,,,,,,,SİİRT ,AYDINLAR,FALSE,0
,,,,,,,SAKARYA ,MERKEZ,FALSE,0
,,,,,,,ORDU ,MERKEZ,FALSE,0
,,,,,,,MUGLA ,MERKEZ,FALSE,0
,,,,,,,MARDİN ,MERKEZ,FALSE,0
,,,,,,,MALATYA ,MERKEZ,FALSE,0
,,,,,,,KOCAELİ ,MERKEZ,FALSE,0
,,,,,,,K. MARAS ,MERKEZ,FALSE,0
,,,,,,,HATAY ,MERKEZ,FALSE,0
,,,,,,,ESKİSEHİR ,MERKEZ,FALSE,0
,,,,,,,ERZURUM ,ILICA,FALSE,0
,,,,,,,ERZURUM ,MERKEZ,FALSE,0
,,,,,,,DİYARBAKİR ,MERKEZ,FALSE,0
,,,,,,,ANTALYA ,KALE,FALSE,0
,,,,,,,ANTALYA ,MERKEZ,FALSE,0
,,,,,,,AYDİN ,MERKEZ,FALSE,0
,,,,,,,BALİKESİR ,MERKEZ,FALSE,0
,,,,,,,DENİZLİ ,AKKÖY,FALSE,0
,,,,,,,DENİZLİ ,MERKEZ,FALSE,0
,,,,,,,AFYON ,SİNCANLI,FALSE,0
